text,label,category
Número de identificación: [P52665].,1,NUMERO_IDENTIF
Término médico no sensible para ID_EMPLEO_PERSONAL_SANITARIO.,0,ID_EMPLEO_PERSONAL_SANITARIO
Talla [170] cm.,0,EDAD_SUJETO_ASISTENCIA
Término médico no sensible para ID_TITULACION_PERSONAL_SANITARIO.,0,ID_TITULACION_PERSONAL_SANITARIO
Último control realizado el [23/07/2001].,1,FECHAS
ID: [REF-21398].,1,OTRO_NUMERO_IDENTIF
Identificador paciente: [P42835].,1,ID_SUJETO_ASISTENCIA
ID Asegurado: [PS-2968629].,1,NUMERO_BENEF_PLAN_SALUD
Col. Nº [15-88925].,1,ID_TITULACION_PERSONAL_SANITARIO
Nº Empleado: [u679035].,1,ID_EMPLEO_PERSONAL_SANITARIO
Punto de [atención] continuada.,0,CENTRO_SALUD
Nacido el [06/11/1995].,1,FECHAS
Alta médica el día [17/04/2009].,1,FECHAS
Nº Empleado: [u483398].,1,ID_EMPLEO_PERSONAL_SANITARIO
"Pº [Madrid], [Pontevedra].",1,CALLE
Médico responsable: [Javiera Cózar Iriarte].,1,NOMBRE_PERSONAL_SANITARIO
La madre [Candela Hervia Izquierdo] acompaña al paciente.,1,FAMILIARES_SUJETO_ASISTENCIA
Conocido como 'El Rubio'.,1,OTROS_SUJETO_ASISTENCIA
Centro [quirúrgico].,0,CENTRO_SALUD
"Contexto clínico seguro, no PII (ID_TITULACION_PERSONAL_SANITARIO).",0,ID_TITULACION_PERSONAL_SANITARIO
Proporción [1:1000].,0,CORREO_ELECTRONICO
Tel. [+34 988 243 233].,1,NUMERO_TELEFONO
Término médico no sensible para ID_CONTACTO_ASISTENCIAL.,0,ID_CONTACTO_ASISTENCIAL
Código ATC: [N02BE01].,0,ID_SUJETO_ASISTENCIA
Diabetes de [15] años de evolución.,0,EDAD_SUJETO_ASISTENCIA
Administrar [pauta 3x1].,0,CALLE
Término médico no sensible para ID_CONTACTO_ASISTENCIAL.,0,ID_CONTACTO_ASISTENCIAL
Centro [HM Hospitales].,1,INSTITUCION
pO2 [95] mmHg.,0,ID_SUJETO_ASISTENCIA
Servicio de [Urgencias].,0,INSTITUCION
Proporción [1:1000].,0,CORREO_ELECTRONICO
Matrícula: [8856TFC].,1,IDENTIF_VEHICULOS_NRSERIE_PLACAS
Profesión: [albañil].,1,PROFESION
Enviar a fax [999 780 468].,1,NUMERO_FAX
Correo electrónico del paciente: [fernandacarmona@example.com].,1,CORREO_ELECTRONICO
[Laboratorio] central.,0,INSTITUCION
"Contexto clínico seguro, no PII (ID_TITULACION_PERSONAL_SANITARIO).",0,ID_TITULACION_PERSONAL_SANITARIO
En las [últimas horas].,0,FECHAS
Nº Historia: [6594876].,1,ID_SUJETO_ASISTENCIA
Episodio: [9497140850].,1,ID_CONTACTO_ASISTENCIAL
"Contexto clínico seguro, no PII (IDENTIF_BIOMETRICOS).",0,IDENTIF_BIOMETRICOS
Peso [65] kg.,0,EDAD_SUJETO_ASISTENCIA
"Contexto clínico seguro, no PII (URL_WEB).",0,URL_WEB
pH [7.35].,0,ID_SUJETO_ASISTENCIA
Protocolo [A.1.2].,0,IDENTIF_DISPOSITIVOS_NRSERIE
Cama [305].,0,ID_SUJETO_ASISTENCIA
pH [7.35].,0,ID_SUJETO_ASISTENCIA
Masa en región [cervical].,0,TERRITORIO
Fecha de ingreso: [13/06/1990].,1,FECHAS
"Plaza [Zurita], [155].",1,CALLE
Enviar a fax [952 649 312].,1,NUMERO_FAX
Nº Socio: [8884752302].,1,OTRO_NUMERO_IDENTIF
Email: [mmarin@example.com].,1,CORREO_ELECTRONICO
"[Calixto Ciriaco Jaume Borrás], Servicio de Medicina Interna.",1,NOMBRE_PERSONAL_SANITARIO
Término médico no sensible para URL_WEB.,0,URL_WEB
DNI: [32561918A].,1,ID_SUJETO_ASISTENCIA
"Contexto clínico seguro, no PII (NUMERO_BENEF_PLAN_SALUD).",0,NUMERO_BENEF_PLAN_SALUD
Registro: [6293990].,1,NUMERO_IDENTIF
URL: [https://www.familia.es].,1,DIREC_PROT_INTERNET
Email: [barralmiriam@example.com].,1,CORREO_ELECTRONICO
Cepa [británica].,0,PAIS
Maniobra de [Valsalva].,0,NOMBRE_SUJETO_ASISTENCIA
Enfermo [varón] que acude.,1,SEXO_SUJETO_ASISTENCIA
Varón de [77] años de edad.,1,EDAD_SUJETO_ASISTENCIA
"Firma: [Elena Piñeiro Amat], Nº Col. 38-43947.",1,NOMBRE_PERSONAL_SANITARIO
Término médico no sensible para NUMERO_BENEF_PLAN_SALUD.,0,NUMERO_BENEF_PLAN_SALUD
Nacido el [01/07/2022].,1,FECHAS
Término médico no sensible para ID_TITULACION_PERSONAL_SANITARIO.,0,ID_TITULACION_PERSONAL_SANITARIO
Historia familiar de [hipertensión].,0,FAMILIARES_SUJETO_ASISTENCIA
Hospital [Vall d'Hebron].,1,HOSPITAL
Término médico no sensible para ID_TITULACION_PERSONAL_SANITARIO.,0,ID_TITULACION_PERSONAL_SANITARIO
El/La paciente [Jovita] refiere dolor.,1,NOMBRE_SUJETO_ASISTENCIA
Término médico no sensible para NUMERO_IDENTIF.,0,NUMERO_IDENTIF
Intervención quirúrgica programada para el [15/07/1990].,1,FECHAS
Control [periódico] cada 6 meses.,0,FECHAS
"Contexto clínico seguro, no PII (ID_TITULACION_PERSONAL_SANITARIO).",0,ID_TITULACION_PERSONAL_SANITARIO
Técnica de [Seldinger].,0,NOMBRE_PERSONAL_SANITARIO
Alta médica el día [16/03/1998].,1,FECHAS
Técnica [IV.2.3].,0,IDENTIF_DISPOSITIVOS_NRSERIE
ID Personal: [u109707].,1,ID_EMPLEO_PERSONAL_SANITARIO
Registro: [4299719].,1,NUMERO_IDENTIF
Sexo: [M].,1,SEXO_SUJETO_ASISTENCIA
Nº Empleado: [u118776].,1,ID_EMPLEO_PERSONAL_SANITARIO
IMC [25].,0,EDAD_SUJETO_ASISTENCIA
[Familia] con antecedentes de infarto.,0,FAMILIARES_SUJETO_ASISTENCIA
Acceso web: [https://www.palma.net].,1,DIREC_PROT_INTERNET
"Contexto clínico seguro, no PII (IDENTIF_BIOMETRICOS).",0,IDENTIF_BIOMETRICOS
"Firma: [Natalia Pujadas Pinedo], Nº Col. 20-44079.",1,NOMBRE_PERSONAL_SANITARIO
Término médico no sensible para DIREC_PROT_INTERNET.,0,DIREC_PROT_INTERNET
Contacto: [+34946 30 61 62].,1,NUMERO_TELEFONO
[Quirófano] programado.,0,HOSPITAL
"Contexto clínico seguro, no PII (ID_ASEGURAMIENTO).",0,ID_ASEGURAMIENTO
Nacionalidad: [Reino Unido].,1,PAIS
Proporción [1:1000].,0,CORREO_ELECTRONICO
Enlace: [https://www.nereida.es].,1,DIREC_PROT_INTERNET
Término médico no sensible para ID_CONTACTO_ASISTENCIAL.,0,ID_CONTACTO_ASISTENCIAL
Hermana [{sister_name}] será el contacto principal.,1,FAMILIARES_SUJETO_ASISTENCIA
"Contexto clínico seguro, no PII (IDENTIF_VEHICULOS_NRSERIE_PLACAS).",0,IDENTIF_VEHICULOS_NRSERIE_PLACAS
Emigró desde [España] hace 5 años.,1,PAIS
El/La paciente [Beatriz] refiere dolor.,1,NOMBRE_SUJETO_ASISTENCIA
Departamento de [Radiología].,0,INSTITUCION
Fractura de [húmero].,0,NOMBRE_SUJETO_ASISTENCIA
Enviar a fax [929 127 941].,1,NUMERO_FAX
"Mujer, [76] años.",1,EDAD_SUJETO_ASISTENCIA
Vehículo [6471NPZ].,1,IDENTIF_VEHICULOS_NRSERIE_PLACAS
Fax: [997 486 636].,1,NUMERO_FAX
"Contexto clínico seguro, no PII (URL_WEB).",0,URL_WEB
"Contexto clínico seguro, no PII (IDENTIF_VEHICULOS_NRSERIE_PLACAS).",0,IDENTIF_VEHICULOS_NRSERIE_PLACAS
Código identificador: [7348083].,1,NUMERO_IDENTIF
Dispositivo [SN92726446].,1,IDENTIF_DISPOSITIVOS_NRSERIE
Correo electrónico del paciente: [mauricio01@example.org].,1,CORREO_ELECTRONICO
Vehículo [8702RFH].,1,IDENTIF_VEHICULOS_NRSERIE_PLACAS
Tratamiento con [Amoxicilina].,0,NOMBRE_SUJETO_ASISTENCIA
"Contexto clínico seguro, no PII (NUMERO_BENEF_PLAN_SALUD).",0,NUMERO_BENEF_PLAN_SALUD
Referencia [555-123].,0,NUMERO_TELEFONO
"Contexto clínico seguro, no PII (DIREC_PROT_INTERNET).",0,DIREC_PROT_INTERNET
"C/ [Contreras] [183], [8º B].",1,CALLE
Escala de [Glasgow] 15.,0,NOMBRE_SUJETO_ASISTENCIA
Término médico no sensible para NUMERO_FAX.,0,NUMERO_FAX
Maniobra de [Heimlich].,0,NOMBRE_PERSONAL_SANITARIO
Abuela [{grandmother_name}] vive con el paciente.,1,FAMILIARES_SUJETO_ASISTENCIA
Término médico no sensible para IDENTIF_VEHICULOS_NRSERIE_PLACAS.,0,IDENTIF_VEHICULOS_NRSERIE_PLACAS
URL: [https://www.talleres.es].,1,DIREC_PROT_INTERNET
"Contexto clínico seguro, no PII (IDENTIF_BIOMETRICOS).",0,IDENTIF_BIOMETRICOS
Col. Nº [42-68252].,1,ID_TITULACION_PERSONAL_SANITARIO
"Contexto clínico seguro, no PII (NUMERO_IDENTIF).",0,NUMERO_IDENTIF
CIE: [CIE839354].,1,ID_SUJETO_ASISTENCIA
Se recibe a [Che Ruperto Juan González].,1,NOMBRE_SUJETO_ASISTENCIA
Trabaja como [conductor].,1,PROFESION
Referencia [555-123].,0,NUMERO_TELEFONO
Estadio [IVb].,0,CALLE
Término médico no sensible para OTRO_NUMERO_IDENTIF.,0,OTRO_NUMERO_IDENTIF
Variante [brasileña].,0,PAIS
Cariotipo [XY].,0,SEXO_SUJETO_ASISTENCIA
Huella dactilar registrada: [FP213865527].,1,IDENTIF_BIOMETRICOS
CIE [630.0].,0,NUMERO_TELEFONO
Nº Contacto: [C170501].,1,ID_CONTACTO_ASISTENCIAL
Término médico no sensible para ID_ASEGURAMIENTO.,0,ID_ASEGURAMIENTO
"Contexto clínico seguro, no PII (ID_ASEGURAMIENTO).",0,ID_ASEGURAMIENTO
Dispositivo [SN50029698].,1,IDENTIF_DISPOSITIVOS_NRSERIE
Web: [www.suministros.com].,1,URL_WEB
Referencia [555-123].,0,NUMERO_TELEFONO
Relación [riesgo/beneficio] favorable.,0,CORREO_ELECTRONICO
CIE [630.0].,0,NUMERO_TELEFONO
Apodo: [Toño].,1,OTROS_SUJETO_ASISTENCIA
Hermana [{sister_name}] será el contacto principal.,1,FAMILIARES_SUJETO_ASISTENCIA
[Conductor] del haz de His.,0,PROFESION
Término médico no sensible para ID_CONTACTO_ASISTENCIAL.,0,ID_CONTACTO_ASISTENCIAL
Departamento de [Radiología].,0,INSTITUCION
Ingreso en [Gregorio Marañón].,1,HOSPITAL
"Contexto clínico seguro, no PII (URL_WEB).",0,URL_WEB
Guías [americanas] de cardiología.,0,PAIS
Enviar a fax [985 685 413].,1,NUMERO_FAX
[varón] sometida a intervención.,1,SEXO_SUJETO_ASISTENCIA
IP: [240.17.104.191].,1,IDENTIF_DISPOSITIVOS_NRSERIE
"Contexto clínico seguro, no PII (ID_TITULACION_PERSONAL_SANITARIO).",0,ID_TITULACION_PERSONAL_SANITARIO
Identificador paciente: [P74117].,1,ID_SUJETO_ASISTENCIA
Tratamiento [fase 2].,0,CALLE
Término médico no sensible para URL_WEB.,0,URL_WEB
Variante [brasileña].,0,PAIS
Término médico no sensible para IDENTIF_BIOMETRICOS.,0,IDENTIF_BIOMETRICOS
MAC: [e7:2d:88:0d:65:94].,1,IDENTIF_DISPOSITIVOS_NRSERIE
"Contexto clínico seguro, no PII (DIREC_PROT_INTERNET).",0,DIREC_PROT_INTERNET
Estadio [IVb].,0,CALLE
Procedente de [Reino Unido].,1,PAIS
Pertenece al Centro de Salud [General Ricardos].,1,CENTRO_SALUD
Varón de [74] años de edad.,1,EDAD_SUJETO_ASISTENCIA
Accidente con vehículo [5662ZYZ].,1,IDENTIF_VEHICULOS_NRSERIE_PLACAS
Derivado desde C.S. [General Ricardos].,1,CENTRO_SALUD
Derivado a [consultas externas].,0,TERRITORIO
Presenta tatuaje de [rosa].,1,OTROS_SUJETO_ASISTENCIA
Protocolo [A.1.2].,0,IDENTIF_DISPOSITIVOS_NRSERIE
Protocolo [europeo] de tratamiento.,0,PAIS
Natural de [Ecuador].,1,PAIS
Tubo de [Mayo].,0,NOMBRE_PERSONAL_SANITARIO
Trabaja en [ISCIII].,1,INSTITUCION
Atendido por [Norberto del Seco].,1,NOMBRE_PERSONAL_SANITARIO
Referencia: [R363637].,1,OTRO_NUMERO_IDENTIF
Lactante de [10] meses.,1,EDAD_SUJETO_ASISTENCIA
Término médico no sensible para OTROS_SUJETO_ASISTENCIA.,0,OTROS_SUJETO_ASISTENCIA
Enviar a fax [912 238 410].,1,NUMERO_FAX
Centro [quirúrgico].,0,CENTRO_SALUD
[hombre] sometida a intervención.,1,SEXO_SUJETO_ASISTENCIA
"Contexto clínico seguro, no PII (DIREC_PROT_INTERNET).",0,DIREC_PROT_INTERNET
Nacionalidad: [España].,1,PAIS
"Contexto clínico seguro, no PII (NUMERO_BENEF_PLAN_SALUD).",0,NUMERO_BENEF_PLAN_SALUD
HU [Universitario La Paz].,1,HOSPITAL
Punto de [atención] continuada.,0,CENTRO_SALUD
"Contexto clínico seguro, no PII (ID_TITULACION_PERSONAL_SANITARIO).",0,ID_TITULACION_PERSONAL_SANITARIO
Sala de [reanimación].,0,HOSPITAL
Centro [quirúrgico].,0,CENTRO_SALUD
Profesión: [enfermero].,1,PROFESION
Paciente procedente del CP [04677].,1,TERRITORIO
ID Personal: [u112085].,1,ID_EMPLEO_PERSONAL_SANITARIO
"Contexto clínico seguro, no PII (ID_ASEGURAMIENTO).",0,ID_ASEGURAMIENTO
Catéter de [Foley].,0,NOMBRE_PERSONAL_SANITARIO
Último control realizado el [23/05/2018].,1,FECHAS
Término médico no sensible para IDENTIF_VEHICULOS_NRSERIE_PLACAS.,0,IDENTIF_VEHICULOS_NRSERIE_PLACAS
"Contexto clínico seguro, no PII (NUMERO_BENEF_PLAN_SALUD).",0,NUMERO_BENEF_PLAN_SALUD
Estadio [IVb].,0,CALLE
Pertenece al Centro de Salud [Cea Bermúdez].,1,CENTRO_SALUD
Término médico no sensible para IDENTIF_VEHICULOS_NRSERIE_PLACAS.,0,IDENTIF_VEHICULOS_NRSERIE_PLACAS
ID Proceso: [PROC-72109].,1,ID_CONTACTO_ASISTENCIAL
Protocolo [A.1.2].,0,IDENTIF_DISPOSITIVOS_NRSERIE
Matrícula: [2897NHN].,1,IDENTIF_VEHICULOS_NRSERIE_PLACAS
Cromosoma [X] normal.,0,SEXO_SUJETO_ASISTENCIA
Término médico no sensible para OTROS_SUJETO_ASISTENCIA.,0,OTROS_SUJETO_ASISTENCIA
[Portador] de marcapasos.,0,PROFESION
Paciente [trabajador] respiratorio.,0,PROFESION
"Contexto clínico seguro, no PII (URL_WEB).",0,URL_WEB
"Contexto clínico seguro, no PII (NUMERO_IDENTIF).",0,NUMERO_IDENTIF
"Contexto clínico seguro, no PII (OTROS_SUJETO_ASISTENCIA).",0,OTROS_SUJETO_ASISTENCIA
Nº Colegiado: [35-68959].,1,ID_TITULACION_PERSONAL_SANITARIO
Vehículo [8094NMD].,1,IDENTIF_VEHICULOS_NRSERIE_PLACAS
Dispositivo [SN13067849].,1,IDENTIF_DISPOSITIVOS_NRSERIE
T[3]N[1]M[0].,0,CALLE
Referencia [555-123].,0,NUMERO_TELEFONO
"Plaza [Enríquez], [142].",1,CALLE
Trabaja como [administrativo].,1,PROFESION
[Tío] con cáncer de pulmón.,0,FAMILIARES_SUJETO_ASISTENCIA
Nº Socio: [7278619401].,1,OTRO_NUMERO_IDENTIF
Nº Beneficiario: [805-520-844].,1,NUMERO_BENEF_PLAN_SALUD
Enlace: [https://www.mineria.net].,1,DIREC_PROT_INTERNET
"Contexto clínico seguro, no PII (NUMERO_BENEF_PLAN_SALUD).",0,NUMERO_BENEF_PLAN_SALUD
Procedente de [Alemania].,1,PAIS
Servicio de [medicina interna].,0,HOSPITAL
Rasgo distintivo: [cicatriz en frente].,1,OTROS_SUJETO_ASISTENCIA
Anciano de [91] años.,1,EDAD_SUJETO_ASISTENCIA
Cromosoma [X] normal.,0,SEXO_SUJETO_ASISTENCIA
Código [925.11].,0,NUMERO_TELEFONO
NIF: [63458116-B].,1,ID_SUJETO_ASISTENCIA
El/La paciente [Sandra] refiere dolor.,1,NOMBRE_SUJETO_ASISTENCIA
URL: [https://www.heraclio.com].,1,DIREC_PROT_INTERNET
ID Proceso: [PROC-68738].,1,ID_CONTACTO_ASISTENCIAL
Nº Beneficiario: [986-436-775].,1,NUMERO_BENEF_PLAN_SALUD
Proporción [1:1000].,0,CORREO_ELECTRONICO
"Contexto clínico seguro, no PII (ID_EMPLEO_PERSONAL_SANITARIO).",0,ID_EMPLEO_PERSONAL_SANITARIO
Apoyo [familiar] presente.,0,FAMILIARES_SUJETO_ASISTENCIA
Término médico no sensible para NUMERO_IDENTIF.,0,NUMERO_IDENTIF
Término médico no sensible para ID_EMPLEO_PERSONAL_SANITARIO.,0,ID_EMPLEO_PERSONAL_SANITARIO
CIPA: [nhc-248391].,1,ID_SUJETO_ASISTENCIA
Col. Nº [23-36233].,1,ID_TITULACION_PERSONAL_SANITARIO
[Actualmente] estable.,0,FECHAS
Término médico no sensible para ID_EMPLEO_PERSONAL_SANITARIO.,0,ID_EMPLEO_PERSONAL_SANITARIO
"Derivado por Dr. García, paciente [Inmaculada Marqués].",1,NOMBRE_SUJETO_ASISTENCIA
Dinámica [familiar] conflictiva.,0,FAMILIARES_SUJETO_ASISTENCIA
"Contexto clínico seguro, no PII (ID_CONTACTO_ASISTENCIAL).",0,ID_CONTACTO_ASISTENCIAL
MAC: [d8:52:7a:86:a0:8e].,1,IDENTIF_DISPOSITIVOS_NRSERIE
En las [últimas horas].,0,FECHAS
Fractura de [húmero].,0,NOMBRE_SUJETO_ASISTENCIA
[Conductor] del haz de His.,0,PROFESION
Email: [nico85@example.org].,1,CORREO_ELECTRONICO
Contacto: [esperanzabosch@example.net].,1,CORREO_ELECTRONICO
D./Dña. [Cosme del Pou] acude a consulta.,1,NOMBRE_SUJETO_ASISTENCIA
Vehículo [1309RFS].,1,IDENTIF_VEHICULOS_NRSERIE_PLACAS
Huella dactilar registrada: [FP819165136].,1,IDENTIF_BIOMETRICOS
Factor [V] Leiden.,0,SEXO_SUJETO_ASISTENCIA
Servicio de [medicina interna].,0,HOSPITAL
Estadio [IVb].,0,CALLE
Número de identificación: [P58313].,1,NUMERO_IDENTIF
Derivado a [12 de Octubre].,1,HOSPITAL
pO2 [95] mmHg.,0,ID_SUJETO_ASISTENCIA
URL: [https://www.restauracion.com].,1,DIREC_PROT_INTERNET
Contacto: [+34 924 49 08 09].,1,NUMERO_TELEFONO
"Contexto clínico seguro, no PII (ID_CONTACTO_ASISTENCIAL).",0,ID_CONTACTO_ASISTENCIAL
Apodo: [Lola].,1,OTROS_SUJETO_ASISTENCIA
Apoyo [familiar] presente.,0,FAMILIARES_SUJETO_ASISTENCIA
Centro [HM Hospitales].,1,INSTITUCION
Término médico no sensible para IDENTIF_VEHICULOS_NRSERIE_PLACAS.,0,IDENTIF_VEHICULOS_NRSERIE_PLACAS
"Contexto clínico seguro, no PII (ID_ASEGURAMIENTO).",0,ID_ASEGURAMIENTO
Unidad de [Cuidados Intensivos].,0,INSTITUCION
Rasgo distintivo: [lunar en mejilla].,1,OTROS_SUJETO_ASISTENCIA
Código [925.11].,0,NUMERO_TELEFONO
Área de [salud] mental.,0,CENTRO_SALUD
Residente en [Italia].,1,PAIS
Ganglio [axilar] aumentado.,0,TERRITORIO
Ingresa en planta [tercera].,0,TERRITORIO
"C/ [Escolano] [36], [3º C].",1,CALLE
"Contexto clínico seguro, no PII (ID_TITULACION_PERSONAL_SANITARIO).",0,ID_TITULACION_PERSONAL_SANITARIO
Paciente [Gil del Boada].,1,NOMBRE_SUJETO_ASISTENCIA
Término médico no sensible para URL_WEB.,0,URL_WEB
"Contexto clínico seguro, no PII (ID_EMPLEO_PERSONAL_SANITARIO).",0,ID_EMPLEO_PERSONAL_SANITARIO
Vive en la urbanización [Ville Marí] de [Murcia].,1,TERRITORIO
Área de [salud] mental.,0,CENTRO_SALUD
Teléfono: [+34923 31 64 98].,1,NUMERO_TELEFONO
"Contexto clínico seguro, no PII (DIREC_PROT_INTERNET).",0,DIREC_PROT_INTERNET
Episodio: [5907447564].,1,ID_CONTACTO_ASISTENCIAL
Nº Empleado: [u793982].,1,ID_EMPLEO_PERSONAL_SANITARIO
Término médico no sensible para OTROS_SUJETO_ASISTENCIA.,0,OTROS_SUJETO_ASISTENCIA
Término médico no sensible para IDENTIF_BIOMETRICOS.,0,IDENTIF_BIOMETRICOS
Nº Seguridad Social: [42 2786719 28].,1,ID_ASEGURAMIENTO
Registro: [5013732].,1,NUMERO_IDENTIF
"Contexto clínico seguro, no PII (ID_TITULACION_PERSONAL_SANITARIO).",0,ID_TITULACION_PERSONAL_SANITARIO
Número de identificación: [P67759].,1,NUMERO_IDENTIF
Saturación O2 [95]%.,0,EDAD_SUJETO_ASISTENCIA
Presenta tatuaje de [fecha].,1,OTROS_SUJETO_ASISTENCIA
Complejo Hospitalario [Virgen del Rocío].,1,HOSPITAL
"Contexto clínico seguro, no PII (DIREC_PROT_INTERNET).",0,DIREC_PROT_INTERNET
Derivado desde C.S. [Alameda].,1,CENTRO_SALUD
Término médico no sensible para OTRO_NUMERO_IDENTIF.,0,OTRO_NUMERO_IDENTIF
Nº Empleado: [u989596].,1,ID_EMPLEO_PERSONAL_SANITARIO
"Contexto clínico seguro, no PII (NUMERO_BENEF_PLAN_SALUD).",0,NUMERO_BENEF_PLAN_SALUD
Receptor [alfa] positivo.,0,SEXO_SUJETO_ASISTENCIA
"Contexto clínico seguro, no PII (NUMERO_IDENTIF).",0,NUMERO_IDENTIF
Término médico no sensible para ID_CONTACTO_ASISTENCIAL.,0,ID_CONTACTO_ASISTENCIAL
ID Personal: [u386309].,1,ID_EMPLEO_PERSONAL_SANITARIO
Dispositivo [SN56297382].,1,IDENTIF_DISPOSITIVOS_NRSERIE
Desde hace [varios días].,0,FECHAS
Protocolo [día 0] de tratamiento.,0,FECHAS
CS [Infanta Mercedes].,1,CENTRO_SALUD
Paciente [mujer].,1,SEXO_SUJETO_ASISTENCIA
"Domicilio habitual: [Camino Moisés Alcázar 14 Apt. 68 , Valencia, 05165].",1,TERRITORIO
Hospital [Cruces].,1,HOSPITAL
Número asignado: [nhc-568791].,1,NUMERO_IDENTIF
Procedente de [Ecuador].,1,PAIS
Nº Colegiado: [25-69669].,1,ID_TITULACION_PERSONAL_SANITARIO
Término médico no sensible para NUMERO_FAX.,0,NUMERO_FAX
"Contexto clínico seguro, no PII (IDENTIF_BIOMETRICOS).",0,IDENTIF_BIOMETRICOS
Trabaja como [albañil].,1,PROFESION
Término médico no sensible para OTRO_NUMERO_IDENTIF.,0,OTRO_NUMERO_IDENTIF
Fax: [943 190 845].,1,NUMERO_FAX
URL: [https://www.hermanos.es].,1,DIREC_PROT_INTERNET
La madre [Marisela del Viñas] acompaña al paciente.,1,FAMILIARES_SUJETO_ASISTENCIA
[Laboratorio] central.,0,INSTITUCION
Término médico no sensible para URL_WEB.,0,URL_WEB
Mutua [Asisa].,1,INSTITUCION
Fax: [926 127 409].,1,NUMERO_FAX
T[3]N[1]M[0].,0,CALLE
ID Asegurado: [PS-4036431].,1,NUMERO_BENEF_PLAN_SALUD
Receptor [alfa] positivo.,0,SEXO_SUJETO_ASISTENCIA
Nº Colegiado: [11-61287].,1,ID_TITULACION_PERSONAL_SANITARIO
"Trasladado desde [Zamora], provincia de [Córdoba].",1,TERRITORIO
Paciente procedente del CP [32035].,1,TERRITORIO
Virus [japonés] B.,0,PAIS
Consultar en [www.valverde.es].,1,URL_WEB
NASS: [35 7743663 95].,1,ID_ASEGURAMIENTO
FAX: [962 661 436].,1,NUMERO_FAX
Enfermo [varón] que acude.,1,SEXO_SUJETO_ASISTENCIA
Página web: [www.familia.com].,1,URL_WEB
Derivado a [consultas externas].,0,TERRITORIO
Término médico no sensible para OTRO_NUMERO_IDENTIF.,0,OTRO_NUMERO_IDENTIF
Notificar a [chus54@example.com].,1,CORREO_ELECTRONICO
Punto de [atención] continuada.,0,CENTRO_SALUD
"Contexto clínico seguro, no PII (OTROS_SUJETO_ASISTENCIA).",0,OTROS_SUJETO_ASISTENCIA
Código [925.11].,0,NUMERO_TELEFONO
NASS: [86 9939702 94].,1,ID_ASEGURAMIENTO
Enviar a fax [969 937 295].,1,NUMERO_FAX
Hijo/a [Aránzazu] de [13] años.,1,FAMILIARES_SUJETO_ASISTENCIA
Identificación biométrica: [BIO-67202281].,1,IDENTIF_BIOMETRICOS
Proporción [1:1000].,0,CORREO_ELECTRONICO
Avda. [Capdevila] s/n.,1,CALLE
Nacionalidad: [Ecuador].,1,PAIS
Ganglio [axilar] aumentado.,0,TERRITORIO
CIE: [CIE204766].,1,ID_SUJETO_ASISTENCIA
Departamento de [Radiología].,0,INSTITUCION
Desde [03/09/1971] presenta síntomas.,1,FECHAS
Guías [americanas] de cardiología.,0,PAIS
Diabetes de [15] años de evolución.,0,EDAD_SUJETO_ASISTENCIA
"Contexto clínico seguro, no PII (OTROS_SUJETO_ASISTENCIA).",0,OTROS_SUJETO_ASISTENCIA
Fecha de ingreso: [28/03/1990].,1,FECHAS
Esposo [Melania Zamorano Montero] es médico en [Clínic].,1,FAMILIARES_SUJETO_ASISTENCIA
[hombre] sometida a intervención.,1,SEXO_SUJETO_ASISTENCIA
D./Dña. [Yago Parra-Pou] acude a consulta.,1,NOMBRE_SUJETO_ASISTENCIA
"Contexto clínico seguro, no PII (IDENTIF_VEHICULOS_NRSERIE_PLACAS).",0,IDENTIF_VEHICULOS_NRSERIE_PLACAS
Término médico no sensible para IDENTIF_BIOMETRICOS.,0,IDENTIF_BIOMETRICOS
Término médico no sensible para URL_WEB.,0,URL_WEB
En las [últimas horas].,0,FECHAS
Protocolo [A.1.2].,0,IDENTIF_DISPOSITIVOS_NRSERIE
Término médico no sensible para NUMERO_FAX.,0,NUMERO_FAX
[Conductor] del haz de His.,0,PROFESION
[Hermana] con artritis reumatoide.,0,FAMILIARES_SUJETO_ASISTENCIA
Página web: [www.carpio.com].,1,URL_WEB
Huella dactilar registrada: [FP173318519].,1,IDENTIF_BIOMETRICOS
[Tía] con tiroiditis.,0,FAMILIARES_SUJETO_ASISTENCIA
Centro [ISCIII].,1,INSTITUCION
Término médico no sensible para ID_TITULACION_PERSONAL_SANITARIO.,0,ID_TITULACION_PERSONAL_SANITARIO
Acceso web: [https://www.inversiones.com].,1,DIREC_PROT_INTERNET
NIF: [48505078-L].,1,ID_SUJETO_ASISTENCIA
IP: [7.84.44.227].,1,IDENTIF_DISPOSITIVOS_NRSERIE
Virus [japonés] B.,0,PAIS
Pertenece al Centro de Salud [Infanta Mercedes].,1,CENTRO_SALUD
ID: [P36982].,1,NUMERO_IDENTIF
Cuidador principal: [Gilberto de Carlos].,1,FAMILIARES_SUJETO_ASISTENCIA
Área de [salud] mental.,0,CENTRO_SALUD
Paciente [trabajador] respiratorio.,0,PROFESION
"Contexto clínico seguro, no PII (IDENTIF_VEHICULOS_NRSERIE_PLACAS).",0,IDENTIF_VEHICULOS_NRSERIE_PLACAS
Semana [+2] post-trasplante.,0,FECHAS
Fax: [999 403 452].,1,NUMERO_FAX
Niño de [7] años.,1,EDAD_SUJETO_ASISTENCIA
Nº Empleado: [u566108].,1,ID_EMPLEO_PERSONAL_SANITARIO
Teléfono: [+34 979884479].,1,NUMERO_TELEFONO
Cama [305].,0,ID_SUJETO_ASISTENCIA
Dispositivo [SN61150012].,1,IDENTIF_DISPOSITIVOS_NRSERIE
Nacionalidad: [Italia].,1,PAIS
Término médico no sensible para ID_TITULACION_PERSONAL_SANITARIO.,0,ID_TITULACION_PERSONAL_SANITARIO
"Contexto clínico seguro, no PII (URL_WEB).",0,URL_WEB
Cama [305].,0,ID_SUJETO_ASISTENCIA
Término médico no sensible para ID_TITULACION_PERSONAL_SANITARIO.,0,ID_TITULACION_PERSONAL_SANITARIO
"Contexto clínico seguro, no PII (ID_CONTACTO_ASISTENCIAL).",0,ID_CONTACTO_ASISTENCIAL
Esposo [Nazaret Báez-Torralba] es médico en [Clínic].,1,FAMILIARES_SUJETO_ASISTENCIA
"Contexto clínico seguro, no PII (ID_ASEGURAMIENTO).",0,ID_ASEGURAMIENTO
Página web: [www.marin.net].,1,URL_WEB
Maniobra de [Heimlich].,0,NOMBRE_PERSONAL_SANITARIO
Página web: [www.instalaciones.es].,1,URL_WEB
"Contexto clínico seguro, no PII (ID_TITULACION_PERSONAL_SANITARIO).",0,ID_TITULACION_PERSONAL_SANITARIO
Talla [170] cm.,0,EDAD_SUJETO_ASISTENCIA
Notificar a [marincandelario@example.org].,1,CORREO_ELECTRONICO
Factor [V] Leiden.,0,SEXO_SUJETO_ASISTENCIA
[Conductor] del haz de His.,0,PROFESION
CIE [630.0].,0,NUMERO_TELEFONO
Departamento de [Radiología].,0,INSTITUCION
HU [12 de Octubre].,1,HOSPITAL
[Portador] de marcapasos.,0,PROFESION
T[3]N[1]M[0].,0,CALLE
Término médico no sensible para ID_ASEGURAMIENTO.,0,ID_ASEGURAMIENTO
Episodio: [9050473499].,1,ID_CONTACTO_ASISTENCIAL
Pasaporte: [D95197744].,1,ID_SUJETO_ASISTENCIA
"Contexto clínico seguro, no PII (ID_CONTACTO_ASISTENCIAL).",0,ID_CONTACTO_ASISTENCIAL
Antecedentes familiares de [cáncer].,0,FAMILIARES_SUJETO_ASISTENCIA
NASS: [19 3066510 77].,1,ID_ASEGURAMIENTO
Tiroiditis de [Hashimoto].,0,NOMBRE_PERSONAL_SANITARIO
Se recibe a [Carolina Rico-Benítez].,1,NOMBRE_SUJETO_ASISTENCIA
Número asignado: [nhc-268572].,1,NUMERO_IDENTIF
[Portador] de marcapasos.,0,PROFESION
Departamento de [Radiología].,0,INSTITUCION
"Mujer, [44] años.",1,EDAD_SUJETO_ASISTENCIA
Presenta tatuaje de [rosa].,1,OTROS_SUJETO_ASISTENCIA
Término médico no sensible para ID_EMPLEO_PERSONAL_SANITARIO.,0,ID_EMPLEO_PERSONAL_SANITARIO
Conocido como 'Chato'.,1,OTROS_SUJETO_ASISTENCIA
Ganglio [axilar] aumentado.,0,TERRITORIO
[Padre] con HTA.,0,FAMILIARES_SUJETO_ASISTENCIA
"Valorado por [Leocadia Pardo Villar], especialista.",1,NOMBRE_PERSONAL_SANITARIO
Domicilio: [Cuesta de Irene Quero 40 Puerta 1 ].,1,CALLE
Cepa [británica].,0,PAIS
Afiliación SS: [15 1610346 67].,1,ID_ASEGURAMIENTO
GRD: [470].,0,ID_SUJETO_ASISTENCIA
Pasaporte: [G11401059].,1,ID_SUJETO_ASISTENCIA
Residente en [Francia].,1,PAIS
Protocolo [A.1.2].,0,IDENTIF_DISPOSITIVOS_NRSERIE
Edad: [60].,1,EDAD_SUJETO_ASISTENCIA
Término médico no sensible para ID_ASEGURAMIENTO.,0,ID_ASEGURAMIENTO
"Contexto clínico seguro, no PII (DIREC_PROT_INTERNET).",0,DIREC_PROT_INTERNET
Término médico no sensible para IDENTIF_VEHICULOS_NRSERIE_PLACAS.,0,IDENTIF_VEHICULOS_NRSERIE_PLACAS
"Contexto clínico seguro, no PII (NUMERO_FAX).",0,NUMERO_FAX
Técnica [IV.2.3].,0,IDENTIF_DISPOSITIVOS_NRSERIE
Tfno. de contacto [+34 922 690 018].,1,NUMERO_TELEFONO
CS [General Ricardos].,1,CENTRO_SALUD
"Contexto clínico seguro, no PII (NUMERO_FAX).",0,NUMERO_FAX
[albañil] de 50 años.,1,PROFESION
Evolución en [las últimas semanas].,0,FECHAS
Término médico no sensible para OTROS_SUJETO_ASISTENCIA.,0,OTROS_SUJETO_ASISTENCIA
Término médico no sensible para NUMERO_FAX.,0,NUMERO_FAX
Afiliado a [HM Hospitales].,1,INSTITUCION
Web: [www.fabrica.es].,1,URL_WEB
Web: [www.adora.org].,1,URL_WEB
Cepa [británica].,0,PAIS
"Dirección: [Avenida de Alba Figueroa], nº [163].",1,CALLE
Protocolo [A.1.2].,0,IDENTIF_DISPOSITIVOS_NRSERIE
Término médico no sensible para DIREC_PROT_INTERNET.,0,DIREC_PROT_INTERNET
Protocolo [europeo] de tratamiento.,0,PAIS
Cuidador principal: [Merche Avilés-Martí].,1,FAMILIARES_SUJETO_ASISTENCIA
Receptor [alfa] positivo.,0,SEXO_SUJETO_ASISTENCIA
Proporción [1:1000].,0,CORREO_ELECTRONICO
Cariotipo [XY].,0,SEXO_SUJETO_ASISTENCIA
Derivado desde C.S. [Infanta Mercedes].,1,CENTRO_SALUD
Derivado a [Cruces].,1,HOSPITAL
[Portador] de marcapasos.,0,PROFESION
Variante [brasileña].,0,PAIS
Término médico no sensible para URL_WEB.,0,URL_WEB
Página web: [www.briones.com].,1,URL_WEB
Rasgo distintivo: [cicatriz en frente].,1,OTROS_SUJETO_ASISTENCIA
"Contexto clínico seguro, no PII (IDENTIF_VEHICULOS_NRSERIE_PLACAS).",0,IDENTIF_VEHICULOS_NRSERIE_PLACAS
Referencia: [R483993].,1,OTRO_NUMERO_IDENTIF
"Plaza [Villar], [25].",1,CALLE
"Contexto clínico seguro, no PII (NUMERO_FAX).",0,NUMERO_FAX
Unidad de [Cuidados Intensivos].,0,INSTITUCION
Protocolo [día 0] de tratamiento.,0,FECHAS
Lactante de [8] meses.,1,EDAD_SUJETO_ASISTENCIA
[Familiares] allegados sanos.,0,FAMILIARES_SUJETO_ASISTENCIA
Ingresa en planta [tercera].,0,TERRITORIO
Término médico no sensible para ID_EMPLEO_PERSONAL_SANITARIO.,0,ID_EMPLEO_PERSONAL_SANITARIO
Mutua [MUFACE].,1,INSTITUCION
NASS: [80 5986295 80].,1,ID_ASEGURAMIENTO
Nº Seguridad Social: [12 7833969 85].,1,ID_ASEGURAMIENTO
"Pº [Blanch], [Santa Cruz de Tenerife].",1,CALLE
Niño/Niña [niño] de 8 años.,1,SEXO_SUJETO_ASISTENCIA
Trabaja en [Clínica Universidad de Navarra].,1,INSTITUCION
Punto de [atención] continuada.,0,CENTRO_SALUD
[Laboratorio] central.,0,INSTITUCION
Contacto: [gquevedo@example.org].,1,CORREO_ELECTRONICO
CS [General Ricardos].,1,CENTRO_SALUD
Ciclo [3] de quimioterapia.,0,FECHAS
Lactante de [1] meses.,1,EDAD_SUJETO_ASISTENCIA
Esposo [Erasmo Quintana Suarez] es médico en [La Fe].,1,FAMILIARES_SUJETO_ASISTENCIA
Varón de [88] años de edad.,1,EDAD_SUJETO_ASISTENCIA
Nº Seguridad Social: [38 3372568 23].,1,ID_ASEGURAMIENTO
ID: [REF-31845].,1,OTRO_NUMERO_IDENTIF
Tel. [+34 881 073 453].,1,NUMERO_TELEFONO
"Contexto clínico seguro, no PII (NUMERO_IDENTIF).",0,NUMERO_IDENTIF
"Contexto clínico seguro, no PII (IDENTIF_BIOMETRICOS).",0,IDENTIF_BIOMETRICOS
Fax: [918 456 515].,1,NUMERO_FAX
Término médico no sensible para ID_TITULACION_PERSONAL_SANITARIO.,0,ID_TITULACION_PERSONAL_SANITARIO
Antecedentes [familiares] de EPOC.,0,FAMILIARES_SUJETO_ASISTENCIA
"Contexto clínico seguro, no PII (IDENTIF_BIOMETRICOS).",0,IDENTIF_BIOMETRICOS
Término médico no sensible para IDENTIF_BIOMETRICOS.,0,IDENTIF_BIOMETRICOS
pH [7.35].,0,ID_SUJETO_ASISTENCIA
Síndrome de [Sjögren].,0,NOMBRE_PERSONAL_SANITARIO
Término médico no sensible para ID_ASEGURAMIENTO.,0,ID_ASEGURAMIENTO
Departamento de [Radiología].,0,INSTITUCION
"Domicilio habitual: [Vial de Nicolasa Sobrino 689, Salamanca, 48138].",1,TERRITORIO
Variante [brasileña].,0,PAIS
"Contexto clínico seguro, no PII (ID_CONTACTO_ASISTENCIAL).",0,ID_CONTACTO_ASISTENCIAL
Col. Nº [43-10915].,1,ID_TITULACION_PERSONAL_SANITARIO
"Contexto clínico seguro, no PII (NUMERO_IDENTIF).",0,NUMERO_IDENTIF
Registro facial ID: [FACE911442].,1,IDENTIF_BIOMETRICOS
Identificación biométrica: [BIO-95593647].,1,IDENTIF_BIOMETRICOS
Glucemia [110] mg/dl.,0,EDAD_SUJETO_ASISTENCIA
Acompañado por su esposa [Asdrubal Solé Toledo].,1,FAMILIARES_SUJETO_ASISTENCIA
Contacto: [+34 920 74 46 53].,1,NUMERO_TELEFONO
Control [periódico] cada 6 meses.,0,FECHAS
Natural de [Colombia].,1,PAIS
Registro facial ID: [FACE881163].,1,IDENTIF_BIOMETRICOS
Receptor [alfa] positivo.,0,SEXO_SUJETO_ASISTENCIA
Receptor [alfa] positivo.,0,SEXO_SUJETO_ASISTENCIA
Administrar [Ramona] IV.,0,NOMBRE_SUJETO_ASISTENCIA
Término médico no sensible para URL_WEB.,0,URL_WEB
Correo electrónico del paciente: [chavesguillermo@example.org].,1,CORREO_ELECTRONICO
Talla [170] cm.,0,EDAD_SUJETO_ASISTENCIA
Derivado desde C.S. [General Ricardos].,1,CENTRO_SALUD
"C/ [Cadenas] [44], [8º A].",1,CALLE
"Contexto clínico seguro, no PII (OTRO_NUMERO_IDENTIF).",0,OTRO_NUMERO_IDENTIF
Vive en la urbanización [Ville Carpio] de [León].,1,TERRITORIO
NASS: [24 7803915 85].,1,ID_ASEGURAMIENTO
Término médico no sensible para ID_EMPLEO_PERSONAL_SANITARIO.,0,ID_EMPLEO_PERSONAL_SANITARIO
Proporción [1:1000].,0,CORREO_ELECTRONICO
ID Asegurado: [PS-7934958].,1,NUMERO_BENEF_PLAN_SALUD
Término médico no sensible para ID_ASEGURAMIENTO.,0,ID_ASEGURAMIENTO
Término médico no sensible para OTRO_NUMERO_IDENTIF.,0,OTRO_NUMERO_IDENTIF
Escala de [Glasgow] 15.,0,NOMBRE_SUJETO_ASISTENCIA
Ingresa en [UCI].,0,HOSPITAL
Término médico no sensible para URL_WEB.,0,URL_WEB
Hermana [{sister_name}] será el contacto principal.,1,FAMILIARES_SUJETO_ASISTENCIA
Atendido por [Alejandro de Cifuentes].,1,NOMBRE_PERSONAL_SANITARIO
"Contexto clínico seguro, no PII (OTRO_NUMERO_IDENTIF).",0,OTRO_NUMERO_IDENTIF
Huella digital [FP996035350].,1,IDENTIF_BIOMETRICOS
Servicio de [Urgencias].,0,INSTITUCION
"Contexto clínico seguro, no PII (NUMERO_IDENTIF).",0,NUMERO_IDENTIF
El paciente reside en [Zamora].,1,TERRITORIO
Afiliado a [Clínica Universidad de Navarra].,1,INSTITUCION
Nº Empleado: [u460489].,1,ID_EMPLEO_PERSONAL_SANITARIO
pH [7.35].,0,ID_SUJETO_ASISTENCIA
Pasaporte: [B94765944].,1,ID_SUJETO_ASISTENCIA
[Portador] de marcapasos.,0,PROFESION
Área de [salud] mental.,0,CENTRO_SALUD
Domicilio: [Rambla Cornelio Alcolea 23 Piso 1 ].,1,CALLE
Matrícula: [4010HGC].,1,IDENTIF_VEHICULOS_NRSERIE_PLACAS
Centro [quirúrgico].,0,CENTRO_SALUD
Término médico no sensible para NUMERO_IDENTIF.,0,NUMERO_IDENTIF
"Contexto clínico seguro, no PII (IDENTIF_VEHICULOS_NRSERIE_PLACAS).",0,IDENTIF_VEHICULOS_NRSERIE_PLACAS
Hijo/a [Nando] de [16] años.,1,FAMILIARES_SUJETO_ASISTENCIA
Centro de Salud [Infanta Mercedes].,1,CENTRO_SALUD
Enviar a fax [910 844 560].,1,NUMERO_FAX
"Contexto clínico seguro, no PII (DIREC_PROT_INTERNET).",0,DIREC_PROT_INTERNET
"Contexto clínico seguro, no PII (OTRO_NUMERO_IDENTIF).",0,OTRO_NUMERO_IDENTIF
NASS: [41 3387655 12].,1,ID_ASEGURAMIENTO
Esposo [Ana Abril Barragán Almeida] es médico en [Son Espases].,1,FAMILIARES_SUJETO_ASISTENCIA
Protocolo [A.1.2].,0,IDENTIF_DISPOSITIVOS_NRSERIE
Cariotipo [XY].,0,SEXO_SUJETO_ASISTENCIA
Patrón retinal [RET-59873371].,1,IDENTIF_BIOMETRICOS
Niño/Niña [niño] de 8 años.,1,SEXO_SUJETO_ASISTENCIA
Durante [la noche].,0,FECHAS
Clasificación de [Child-Pugh] A.,0,NOMBRE_SUJETO_ASISTENCIA
Departamento de [Radiología].,0,INSTITUCION
Paciente [trabajador] respiratorio.,0,PROFESION
[Laboratorio] central.,0,INSTITUCION
D./Dña. [Marita Alonso Moliner] acude a consulta.,1,NOMBRE_SUJETO_ASISTENCIA
"Contexto clínico seguro, no PII (OTROS_SUJETO_ASISTENCIA).",0,OTROS_SUJETO_ASISTENCIA
Médico colegiado [24-41360].,1,ID_TITULACION_PERSONAL_SANITARIO
Nº Beneficiario: [794-733-198].,1,NUMERO_BENEF_PLAN_SALUD
Ingresa en [UCI].,0,HOSPITAL
"Contexto clínico seguro, no PII (ID_EMPLEO_PERSONAL_SANITARIO).",0,ID_EMPLEO_PERSONAL_SANITARIO
Servicio de [medicina interna].,0,HOSPITAL
Paciente [trabajador] respiratorio.,0,PROFESION
GRD: [470].,0,ID_SUJETO_ASISTENCIA
Proporción [1:1000].,0,CORREO_ELECTRONICO
"Domicilio habitual: [Vial Maite Calatayud 719, Albacete, 07140].",1,TERRITORIO
Notificar a [itziar79@example.org].,1,CORREO_ELECTRONICO
Nº Socio: [6768669694].,1,OTRO_NUMERO_IDENTIF
Término médico no sensible para ID_ASEGURAMIENTO.,0,ID_ASEGURAMIENTO
Presenta tatuaje de [nombre].,1,OTROS_SUJETO_ASISTENCIA
Término médico no sensible para NUMERO_FAX.,0,NUMERO_FAX
"Valorado por [Paola Solera Merino], especialista.",1,NOMBRE_PERSONAL_SANITARIO
NASS: [46 3360518 46].,1,ID_ASEGURAMIENTO
El/La paciente [Adolfo] refiere dolor.,1,NOMBRE_SUJETO_ASISTENCIA
IP: [98.41.52.150].,1,IDENTIF_DISPOSITIVOS_NRSERIE
Abuelo [{grandfather_name}] también diabético.,1,FAMILIARES_SUJETO_ASISTENCIA
"Mujer, [75] años.",1,EDAD_SUJETO_ASISTENCIA
Código identificador: [3288178].,1,NUMERO_IDENTIF
Maniobra de [Heimlich].,0,NOMBRE_PERSONAL_SANITARIO
"Contexto clínico seguro, no PII (DIREC_PROT_INTERNET).",0,DIREC_PROT_INTERNET
"Contexto clínico seguro, no PII (NUMERO_BENEF_PLAN_SALUD).",0,NUMERO_BENEF_PLAN_SALUD
"Reside en [Paseo de Onofre Blanco 68], [22545].",1,CALLE
[Actualmente] estable.,0,FECHAS
[Isaac] [Feliu] ingresa por urgencias.,1,NOMBRE_SUJETO_ASISTENCIA
Protocolo [europeo] de tratamiento.,0,PAIS
Referencia: [R592705].,1,OTRO_NUMERO_IDENTIF
DNI: [55783977B].,1,ID_SUJETO_ASISTENCIA
URL: [https://www.suministros.es].,1,DIREC_PROT_INTERNET
Ingreso en [Gregorio Marañón].,1,HOSPITAL
Término médico no sensible para ID_CONTACTO_ASISTENCIAL.,0,ID_CONTACTO_ASISTENCIAL
"Contexto clínico seguro, no PII (IDENTIF_VEHICULOS_NRSERIE_PLACAS).",0,IDENTIF_VEHICULOS_NRSERIE_PLACAS
Hospital [Vall d'Hebron].,1,HOSPITAL
CIPA: [nhc-232177].,1,ID_SUJETO_ASISTENCIA
Póliza: [40613187-A].,1,NUMERO_BENEF_PLAN_SALUD
Enfermera [Donato Montoya-Noguera] administra medicación.,1,NOMBRE_PERSONAL_SANITARIO
Derivado a [consultas externas].,0,TERRITORIO
Ingresa en [UCI].,0,HOSPITAL
Catéter de [Foley].,0,NOMBRE_PERSONAL_SANITARIO
"Contexto clínico seguro, no PII (URL_WEB).",0,URL_WEB
Informe elaborado por Dr. [Juanito Pomares Fabra].,1,NOMBRE_PERSONAL_SANITARIO
Identificación biométrica: [BIO-16049710].,1,IDENTIF_BIOMETRICOS
Médico responsable: [Modesto Planas Puga].,1,NOMBRE_PERSONAL_SANITARIO
Sala de [reanimación].,0,HOSPITAL
Póliza: [65391407-C].,1,NUMERO_BENEF_PLAN_SALUD
[Portador] de marcapasos.,0,PROFESION
Centro: [Son Espases].,1,HOSPITAL
Por [la mañana] presentó fiebre.,0,FECHAS
"Contexto clínico seguro, no PII (NUMERO_BENEF_PLAN_SALUD).",0,NUMERO_BENEF_PLAN_SALUD
Departamento de [Radiología].,0,INSTITUCION
Cariotipo [XY].,0,SEXO_SUJETO_ASISTENCIA
Sexo: [H].,1,SEXO_SUJETO_ASISTENCIA
Técnica [IV.2.3].,0,IDENTIF_DISPOSITIVOS_NRSERIE
Se recibe a [Rafa Baena Bayo].,1,NOMBRE_SUJETO_ASISTENCIA
"Contexto clínico seguro, no PII (OTRO_NUMERO_IDENTIF).",0,OTRO_NUMERO_IDENTIF
Enviar a fax [971 747 537].,1,NUMERO_FAX
Técnica [IV.2.3].,0,IDENTIF_DISPOSITIVOS_NRSERIE
Tiroiditis de [Hashimoto].,0,NOMBRE_PERSONAL_SANITARIO
Próxima revisión: [domingo] [02/06/2006].,1,FECHAS
Saturación O2 [95]%.,0,EDAD_SUJETO_ASISTENCIA
Usuario: [u859293].,1,ID_EMPLEO_PERSONAL_SANITARIO
Remitido desde [Vithas].,1,INSTITUCION
Episodio: [6618098259].,1,ID_CONTACTO_ASISTENCIAL
URL: [https://www.consultoria.es].,1,DIREC_PROT_INTERNET
ID: [P82108].,1,NUMERO_IDENTIF
Hospital [Vall d'Hebron].,1,HOSPITAL
"Contexto clínico seguro, no PII (ID_ASEGURAMIENTO).",0,ID_ASEGURAMIENTO
Ingresa en planta [tercera].,0,TERRITORIO
Término médico no sensible para ID_CONTACTO_ASISTENCIAL.,0,ID_CONTACTO_ASISTENCIAL
"Contexto clínico seguro, no PII (ID_CONTACTO_ASISTENCIAL).",0,ID_CONTACTO_ASISTENCIAL
Término médico no sensible para NUMERO_FAX.,0,NUMERO_FAX
"Contexto clínico seguro, no PII (NUMERO_BENEF_PLAN_SALUD).",0,NUMERO_BENEF_PLAN_SALUD
Contacto: [lrojas@example.org].,1,CORREO_ELECTRONICO
Centro [quirúrgico].,0,CENTRO_SALUD
Patrón retinal [RET-30599697].,1,IDENTIF_BIOMETRICOS
Proporción [1:1000].,0,CORREO_ELECTRONICO
Afiliación SS: [11 1458383 95].,1,ID_ASEGURAMIENTO
Estadio [IVb].,0,CALLE
Rasgo distintivo: [lunar en mejilla].,1,OTROS_SUJETO_ASISTENCIA
Nº Beneficiario: [845-935-522].,1,NUMERO_BENEF_PLAN_SALUD
Afiliación SS: [36 8939453 93].,1,ID_ASEGURAMIENTO
Relación [riesgo/beneficio] favorable.,0,CORREO_ELECTRONICO
Término médico no sensible para NUMERO_FAX.,0,NUMERO_FAX
"[Amaro Báez Pagès], Servicio de Medicina Interna.",1,NOMBRE_PERSONAL_SANITARIO
Paciente procedente del CP [25176].,1,TERRITORIO
Técnica [IV.2.3].,0,IDENTIF_DISPOSITIVOS_NRSERIE
Derivado desde C.S. [Puerta del Ángel].,1,CENTRO_SALUD
Departamento de [Radiología].,0,INSTITUCION
Por [la mañana] presentó fiebre.,0,FECHAS
Grado [III/IV].,0,CALLE
Nº Socio: [6343840636].,1,OTRO_NUMERO_IDENTIF
Estadio [IVb].,0,CALLE
Nº Empleado: [u497364].,1,ID_EMPLEO_PERSONAL_SANITARIO
Correo electrónico del paciente: [amadamadrid@example.org].,1,CORREO_ELECTRONICO
Vehículo [6843WYT].,1,IDENTIF_VEHICULOS_NRSERIE_PLACAS
Enlace: [https://www.calista.net].,1,DIREC_PROT_INTERNET
Nº Empleado: [u852193].,1,ID_EMPLEO_PERSONAL_SANITARIO
FAX: [956 281 736].,1,NUMERO_FAX
Área de [salud] mental.,0,CENTRO_SALUD
[Tía] con tiroiditis.,0,FAMILIARES_SUJETO_ASISTENCIA
"Contexto clínico seguro, no PII (ID_EMPLEO_PERSONAL_SANITARIO).",0,ID_EMPLEO_PERSONAL_SANITARIO
Matrícula: [1118SHX].,1,IDENTIF_VEHICULOS_NRSERIE_PLACAS
Nº Seguridad Social: [63 3189600 57].,1,ID_ASEGURAMIENTO
Proporción [1:1000].,0,CORREO_ELECTRONICO
"Contexto clínico seguro, no PII (ID_CONTACTO_ASISTENCIAL).",0,ID_CONTACTO_ASISTENCIAL
"Contexto clínico seguro, no PII (IDENTIF_VEHICULOS_NRSERIE_PLACAS).",0,IDENTIF_VEHICULOS_NRSERIE_PLACAS
Póliza: [53077569-D].,1,NUMERO_BENEF_PLAN_SALUD
Correo electrónico del paciente: [luzalegria@example.com].,1,CORREO_ELECTRONICO
Médico colegiado [17-37143].,1,ID_TITULACION_PERSONAL_SANITARIO
Por [la mañana] presentó fiebre.,0,FECHAS
ID: [REF-42932].,1,OTRO_NUMERO_IDENTIF
"Contexto clínico seguro, no PII (ID_EMPLEO_PERSONAL_SANITARIO).",0,ID_EMPLEO_PERSONAL_SANITARIO
Planta de [cardiología].,0,HOSPITAL
Técnica [IV.2.3].,0,IDENTIF_DISPOSITIVOS_NRSERIE
Tfno. de contacto [+34874 56 40 78].,1,NUMERO_TELEFONO
IMC [25].,0,EDAD_SUJETO_ASISTENCIA
Nº Colegiado: [46-17848].,1,ID_TITULACION_PERSONAL_SANITARIO
Móvil: [624 149 645].,1,NUMERO_TELEFONO
Tfno. de contacto [+34872673558].,1,NUMERO_TELEFONO
Niño de [5] años.,1,EDAD_SUJETO_ASISTENCIA
Término médico no sensible para OTRO_NUMERO_IDENTIF.,0,OTRO_NUMERO_IDENTIF
Ingreso en [Universitario La Paz].,1,HOSPITAL
Término médico no sensible para ID_EMPLEO_PERSONAL_SANITARIO.,0,ID_EMPLEO_PERSONAL_SANITARIO
Dispositivo [SN40989300].,1,IDENTIF_DISPOSITIVOS_NRSERIE
Término médico no sensible para NUMERO_BENEF_PLAN_SALUD.,0,NUMERO_BENEF_PLAN_SALUD
"Domicilio habitual: [Vial Marisela Gonzalez 68 Apt. 60 , Murcia, 09099].",1,TERRITORIO
Proporción [1:1000].,0,CORREO_ELECTRONICO
"Contexto clínico seguro, no PII (NUMERO_FAX).",0,NUMERO_FAX
Antecedentes familiares de [cáncer].,0,FAMILIARES_SUJETO_ASISTENCIA
Diagnóstico inicial en [diciembre] de [2018].,1,FECHAS
"Valorado por [Morena Cantero Nevado], especialista.",1,NOMBRE_PERSONAL_SANITARIO
Médico colegiado [44-82470].,1,ID_TITULACION_PERSONAL_SANITARIO
Trabaja en [HM Hospitales].,1,INSTITUCION
Estadio [IVb].,0,CALLE
Derivado desde C.S. [Puerta del Ángel].,1,CENTRO_SALUD
"Contexto clínico seguro, no PII (ID_TITULACION_PERSONAL_SANITARIO).",0,ID_TITULACION_PERSONAL_SANITARIO
Ocupación: [electricista].,1,PROFESION
[Hermano] fallecido.,0,FAMILIARES_SUJETO_ASISTENCIA
ID: [REF-24065].,1,OTRO_NUMERO_IDENTIF
"Contexto clínico seguro, no PII (ID_CONTACTO_ASISTENCIAL).",0,ID_CONTACTO_ASISTENCIAL
Profesión: [camarero].,1,PROFESION
Huella digital [FP393834186].,1,IDENTIF_BIOMETRICOS
Número asignado: [nhc-148722].,1,NUMERO_IDENTIF
Término médico no sensible para DIREC_PROT_INTERNET.,0,DIREC_PROT_INTERNET
Término médico no sensible para DIREC_PROT_INTERNET.,0,DIREC_PROT_INTERNET
"C/ [Gallego] [31], [7º D].",1,CALLE
Nº Historia: [5508505].,1,ID_SUJETO_ASISTENCIA
"Dirección postal: [Cañada Celia Peñas 92, Segovia, 44939], [Granada].",1,TERRITORIO
Término médico no sensible para IDENTIF_VEHICULOS_NRSERIE_PLACAS.,0,IDENTIF_VEHICULOS_NRSERIE_PLACAS
Nº Historia: [4849368].,1,ID_SUJETO_ASISTENCIA
Contacto: [+34 941 93 51 02].,1,NUMERO_TELEFONO
Patrón retinal [RET-68264870].,1,IDENTIF_BIOMETRICOS
"Contexto clínico seguro, no PII (OTROS_SUJETO_ASISTENCIA).",0,OTROS_SUJETO_ASISTENCIA
Cariotipo [XY].,0,SEXO_SUJETO_ASISTENCIA
"Firma: [Ildefonso Téllez Figueroa], Nº Col. 35-67417.",1,NOMBRE_PERSONAL_SANITARIO
Lactante de [10] meses.,1,EDAD_SUJETO_ASISTENCIA
Abuela [{grandmother_name}] vive con el paciente.,1,FAMILIARES_SUJETO_ASISTENCIA
Afectación de zona [temporal] izquierda.,0,TERRITORIO
Código ATC: [N02BE01].,0,ID_SUJETO_ASISTENCIA
Fax: [913 934 497].,1,NUMERO_FAX
Página web: [www.fabrica.es].,1,URL_WEB
"Contexto clínico seguro, no PII (URL_WEB).",0,URL_WEB
Teléfono: [+34 980238368].,1,NUMERO_TELEFONO
URL: [https://www.matas.net].,1,DIREC_PROT_INTERNET
Código ATC: [N02BE01].,0,ID_SUJETO_ASISTENCIA
"Contexto clínico seguro, no PII (ID_TITULACION_PERSONAL_SANITARIO).",0,ID_TITULACION_PERSONAL_SANITARIO
ID Asegurado: [PS-8619194].,1,NUMERO_BENEF_PLAN_SALUD
Niño/Niña [niño] de 8 años.,1,SEXO_SUJETO_ASISTENCIA
[mujer] sometida a intervención.,1,SEXO_SUJETO_ASISTENCIA
Término médico no sensible para IDENTIF_VEHICULOS_NRSERIE_PLACAS.,0,IDENTIF_VEHICULOS_NRSERIE_PLACAS
IP: [49.185.123.45].,1,IDENTIF_DISPOSITIVOS_NRSERIE
Lactante de [2] meses.,1,EDAD_SUJETO_ASISTENCIA
Término médico no sensible para IDENTIF_VEHICULOS_NRSERIE_PLACAS.,0,IDENTIF_VEHICULOS_NRSERIE_PLACAS
Evolución en [las últimas semanas].,0,FECHAS
Matrícula: [5225HCM].,1,IDENTIF_VEHICULOS_NRSERIE_PLACAS
Procedente de [España].,1,PAIS
Trabaja como [cocinero].,1,PROFESION
Lactante de [2] meses.,1,EDAD_SUJETO_ASISTENCIA
"Contexto clínico seguro, no PII (ID_TITULACION_PERSONAL_SANITARIO).",0,ID_TITULACION_PERSONAL_SANITARIO
Término médico no sensible para OTROS_SUJETO_ASISTENCIA.,0,OTROS_SUJETO_ASISTENCIA
Signo de [Murphy] positivo.,0,NOMBRE_SUJETO_ASISTENCIA
Ciclo [3] de quimioterapia.,0,FECHAS
Huella dactilar registrada: [FP624691424].,1,IDENTIF_BIOMETRICOS
Servicio de [Urgencias].,0,INSTITUCION
NASS: [64 4424117 30].,1,ID_ASEGURAMIENTO
Paciente [trabajador] respiratorio.,0,PROFESION
Tiroiditis de [Hashimoto].,0,NOMBRE_PERSONAL_SANITARIO
Tratamiento [fase 2].,0,CALLE
Factor [V] Leiden.,0,SEXO_SUJETO_ASISTENCIA
Ingreso en [12 de Octubre].,1,HOSPITAL
"Contexto clínico seguro, no PII (OTRO_NUMERO_IDENTIF).",0,OTRO_NUMERO_IDENTIF
[Familia] con antecedentes de infarto.,0,FAMILIARES_SUJETO_ASISTENCIA
Temperatura [36.5]ºC.,0,EDAD_SUJETO_ASISTENCIA
Código [925.11].,0,NUMERO_TELEFONO
ID: [REF-57382].,1,OTRO_NUMERO_IDENTIF
Término médico no sensible para NUMERO_FAX.,0,NUMERO_FAX
Ingresa en [UCI].,0,HOSPITAL
Código [925.11].,0,NUMERO_TELEFONO
Término médico no sensible para OTROS_SUJETO_ASISTENCIA.,0,OTROS_SUJETO_ASISTENCIA
Acceso web: [https://www.moraleda.es].,1,DIREC_PROT_INTERNET
Usuario: [u253668].,1,ID_EMPLEO_PERSONAL_SANITARIO
El/La paciente [Julián] refiere dolor.,1,NOMBRE_SUJETO_ASISTENCIA
Peso [65] kg.,0,EDAD_SUJETO_ASISTENCIA
Término médico no sensible para ID_ASEGURAMIENTO.,0,ID_ASEGURAMIENTO
Término médico no sensible para NUMERO_FAX.,0,NUMERO_FAX
"Contexto clínico seguro, no PII (NUMERO_BENEF_PLAN_SALUD).",0,NUMERO_BENEF_PLAN_SALUD
Diagnóstico inicial en [abril] de [1973].,1,FECHAS
Móvil: [641 840 536].,1,NUMERO_TELEFONO
"Contexto clínico seguro, no PII (OTROS_SUJETO_ASISTENCIA).",0,OTROS_SUJETO_ASISTENCIA
ID Asegurado: [PS-3846306].,1,NUMERO_BENEF_PLAN_SALUD
ID Proceso: [PROC-10579].,1,ID_CONTACTO_ASISTENCIAL
Término médico no sensible para IDENTIF_VEHICULOS_NRSERIE_PLACAS.,0,IDENTIF_VEHICULOS_NRSERIE_PLACAS
IP: [179.151.180.246].,1,IDENTIF_DISPOSITIVOS_NRSERIE
Peso [65] kg.,0,EDAD_SUJETO_ASISTENCIA
Referencia [555-123].,0,NUMERO_TELEFONO
Correo electrónico del paciente: [blascofausto@example.net].,1,CORREO_ELECTRONICO
Administrar [pauta 3x1].,0,CALLE
Nº Contacto: [C713739].,1,ID_CONTACTO_ASISTENCIAL
Último control realizado el [31/07/1999].,1,FECHAS
pO2 [95] mmHg.,0,ID_SUJETO_ASISTENCIA
Rasgo distintivo: [cicatriz en frente].,1,OTROS_SUJETO_ASISTENCIA
Catéter de [Foley].,0,NOMBRE_PERSONAL_SANITARIO
Glucemia [110] mg/dl.,0,EDAD_SUJETO_ASISTENCIA
Vive en la urbanización [Ville Mir] de [Vizcaya].,1,TERRITORIO
Contacto: [+34 644 70 85 60].,1,NUMERO_TELEFONO
Término médico no sensible para NUMERO_BENEF_PLAN_SALUD.,0,NUMERO_BENEF_PLAN_SALUD
Próxima revisión: [sábado] [23/11/2020].,1,FECHAS
Administrar [pauta 3x1].,0,CALLE
Web: [www.banco.com].,1,URL_WEB
Afiliación SS: [83 2468345 15].,1,ID_ASEGURAMIENTO
Póliza: [67316498-C].,1,NUMERO_BENEF_PLAN_SALUD
"Contexto clínico seguro, no PII (OTROS_SUJETO_ASISTENCIA).",0,OTROS_SUJETO_ASISTENCIA
Nº Empleado: [u494675].,1,ID_EMPLEO_PERSONAL_SANITARIO
[enfermero] de 50 años.,1,PROFESION
Guías [americanas] de cardiología.,0,PAIS
pO2 [95] mmHg.,0,ID_SUJETO_ASISTENCIA
"Contexto clínico seguro, no PII (ID_EMPLEO_PERSONAL_SANITARIO).",0,ID_EMPLEO_PERSONAL_SANITARIO
Guías [americanas] de cardiología.,0,PAIS
Signo de [Murphy] positivo.,0,NOMBRE_SUJETO_ASISTENCIA
Se recibe a [Gervasio Nieto Bernat].,1,NOMBRE_SUJETO_ASISTENCIA
"Contexto clínico seguro, no PII (IDENTIF_BIOMETRICOS).",0,IDENTIF_BIOMETRICOS
Remitido desde [HM Hospitales].,1,INSTITUCION
Ocupación: [administrativo].,1,PROFESION
Término médico no sensible para ID_CONTACTO_ASISTENCIAL.,0,ID_CONTACTO_ASISTENCIAL
Desde [07/01/1998] presenta síntomas.,1,FECHAS
Fax: [923 997 105].,1,NUMERO_FAX
"Contexto clínico seguro, no PII (OTROS_SUJETO_ASISTENCIA).",0,OTROS_SUJETO_ASISTENCIA
Box [12].,0,ID_SUJETO_ASISTENCIA
Término médico no sensible para OTRO_NUMERO_IDENTIF.,0,OTRO_NUMERO_IDENTIF
Clasificación de [Child-Pugh] A.,0,NOMBRE_SUJETO_ASISTENCIA
"Contexto clínico seguro, no PII (ID_ASEGURAMIENTO).",0,ID_ASEGURAMIENTO
Episodio: [5576674146].,1,ID_CONTACTO_ASISTENCIAL
Proporción [1:1000].,0,CORREO_ELECTRONICO
Término médico no sensible para OTRO_NUMERO_IDENTIF.,0,OTRO_NUMERO_IDENTIF
Dispositivo [SN30105410].,1,IDENTIF_DISPOSITIVOS_NRSERIE
Nº Historia: [2233934].,1,ID_SUJETO_ASISTENCIA
Paciente procedente del CP [20019].,1,TERRITORIO
[agricultor] de 50 años.,1,PROFESION
Exploración de fosa [iliaca] derecha.,0,TERRITORIO
Área de [salud] mental.,0,CENTRO_SALUD
Planta de [cardiología].,0,HOSPITAL
Punto de [atención] continuada.,0,CENTRO_SALUD
"Contexto clínico seguro, no PII (IDENTIF_BIOMETRICOS).",0,IDENTIF_BIOMETRICOS
Nº Colegiado: [48-68214].,1,ID_TITULACION_PERSONAL_SANITARIO
Centro de Salud [General Ricardos].,1,CENTRO_SALUD
Padre: [Rolando Pujadas Quevedo].,1,FAMILIARES_SUJETO_ASISTENCIA
"Contexto clínico seguro, no PII (NUMERO_FAX).",0,NUMERO_FAX
Término médico no sensible para IDENTIF_BIOMETRICOS.,0,IDENTIF_BIOMETRICOS
Vehículo [7535WCZ].,1,IDENTIF_VEHICULOS_NRSERIE_PLACAS
Masa en región [cervical].,0,TERRITORIO
Informe elaborado por Dr. [Cecilia Carmona-Pedro].,1,NOMBRE_PERSONAL_SANITARIO
"C/ [Rojas] [92], [6º B].",1,CALLE
Derivado desde C.S. [Cea Bermúdez].,1,CENTRO_SALUD
Web: [www.heredia.es].,1,URL_WEB
"Contexto clínico seguro, no PII (IDENTIF_BIOMETRICOS).",0,IDENTIF_BIOMETRICOS
"Contexto clínico seguro, no PII (OTROS_SUJETO_ASISTENCIA).",0,OTROS_SUJETO_ASISTENCIA
Término médico no sensible para NUMERO_IDENTIF.,0,NUMERO_IDENTIF
Ingreso en [Virgen del Rocío].,1,HOSPITAL
Signo de [Murphy] positivo.,0,NOMBRE_SUJETO_ASISTENCIA
Referencia [555-123].,0,NUMERO_TELEFONO
"Contexto clínico seguro, no PII (ID_CONTACTO_ASISTENCIAL).",0,ID_CONTACTO_ASISTENCIAL
Usuario: [u708449].,1,ID_EMPLEO_PERSONAL_SANITARIO
Natural de [Marruecos].,1,PAIS
CIE [630.0].,0,NUMERO_TELEFONO
Término médico no sensible para NUMERO_IDENTIF.,0,NUMERO_IDENTIF
Ocupación: [profesor].,1,PROFESION
Término médico no sensible para ID_EMPLEO_PERSONAL_SANITARIO.,0,ID_EMPLEO_PERSONAL_SANITARIO
Trabaja en [CNIO].,1,INSTITUCION
Término médico no sensible para OTRO_NUMERO_IDENTIF.,0,OTRO_NUMERO_IDENTIF
FAX: [988 551 698].,1,NUMERO_FAX
"Contexto clínico seguro, no PII (OTROS_SUJETO_ASISTENCIA).",0,OTROS_SUJETO_ASISTENCIA
El paciente reside en [Huelva].,1,TERRITORIO
Historia clínica de [Rufino Berrocal].,1,NOMBRE_SUJETO_ASISTENCIA
Identificador paciente: [P28607].,1,ID_SUJETO_ASISTENCIA
"Pº [Jaén], [Guipúzcoa].",1,CALLE
Protocolo [A.1.2].,0,IDENTIF_DISPOSITIVOS_NRSERIE
Código identificador: [4410929].,1,NUMERO_IDENTIF
Síndrome de [Sjögren].,0,NOMBRE_PERSONAL_SANITARIO
Saturación O2 [95]%.,0,EDAD_SUJETO_ASISTENCIA
Código identificador: [3218959].,1,NUMERO_IDENTIF
Accidente con vehículo [4167NBB].,1,IDENTIF_VEHICULOS_NRSERIE_PLACAS
Contacto: [+34 901 186 930].,1,NUMERO_TELEFONO
Enfermedad de [Graves].,0,NOMBRE_PERSONAL_SANITARIO
Guías [americanas] de cardiología.,0,PAIS
Derivado a [Universitario La Paz].,1,HOSPITAL
pO2 [95] mmHg.,0,ID_SUJETO_ASISTENCIA
"Contexto clínico seguro, no PII (DIREC_PROT_INTERNET).",0,DIREC_PROT_INTERNET
Término médico no sensible para NUMERO_BENEF_PLAN_SALUD.,0,NUMERO_BENEF_PLAN_SALUD
Término médico no sensible para NUMERO_FAX.,0,NUMERO_FAX
"Contexto clínico seguro, no PII (OTRO_NUMERO_IDENTIF).",0,OTRO_NUMERO_IDENTIF
Servicio de [medicina interna].,0,HOSPITAL
Correo electrónico del paciente: [roigfelipe@example.org].,1,CORREO_ELECTRONICO
Alta médica el día [03/03/1973].,1,FECHAS
"Contexto clínico seguro, no PII (ID_ASEGURAMIENTO).",0,ID_ASEGURAMIENTO
Maniobra de [Valsalva].,0,NOMBRE_SUJETO_ASISTENCIA
Identificación biométrica: [BIO-58422861].,1,IDENTIF_BIOMETRICOS
Dr./Dra. [Carmela Alcolea Quesada].,1,NOMBRE_PERSONAL_SANITARIO
"Trasladado desde [Jaén], provincia de [Vigo].",1,TERRITORIO
Planta de [cardiología].,0,HOSPITAL
Diagnóstico inicial en [agosto] de [1979].,1,FECHAS
Maniobra de [Heimlich].,0,NOMBRE_PERSONAL_SANITARIO
Relación [familiar] estable.,0,FAMILIARES_SUJETO_ASISTENCIA
Servicio de [medicina interna].,0,HOSPITAL
Nº Beneficiario: [302-924-164].,1,NUMERO_BENEF_PLAN_SALUD
Dispositivo [SN38837659].,1,IDENTIF_DISPOSITIVOS_NRSERIE
Centro [quirúrgico].,0,CENTRO_SALUD
"Contexto clínico seguro, no PII (NUMERO_BENEF_PLAN_SALUD).",0,NUMERO_BENEF_PLAN_SALUD
Derivado a [12 de Octubre].,1,HOSPITAL
Referencia: [R270751].,1,OTRO_NUMERO_IDENTIF
Residente en [Francia].,1,PAIS
"Contexto clínico seguro, no PII (DIREC_PROT_INTERNET).",0,DIREC_PROT_INTERNET
"Contexto clínico seguro, no PII (OTROS_SUJETO_ASISTENCIA).",0,OTROS_SUJETO_ASISTENCIA
IP: [138.5.159.157].,1,IDENTIF_DISPOSITIVOS_NRSERIE
Cariotipo [XY].,0,SEXO_SUJETO_ASISTENCIA
Ganglio [axilar] aumentado.,0,TERRITORIO
Procedente de [Francia].,1,PAIS
"Contexto clínico seguro, no PII (OTRO_NUMERO_IDENTIF).",0,OTRO_NUMERO_IDENTIF
"Contexto clínico seguro, no PII (ID_TITULACION_PERSONAL_SANITARIO).",0,ID_TITULACION_PERSONAL_SANITARIO
Registro: [1670626].,1,NUMERO_IDENTIF
Email: [amarocabello@example.org].,1,CORREO_ELECTRONICO
Factor [V] Leiden.,0,SEXO_SUJETO_ASISTENCIA
Exploración de fosa [iliaca] derecha.,0,TERRITORIO
Término médico no sensible para ID_CONTACTO_ASISTENCIAL.,0,ID_CONTACTO_ASISTENCIAL
"Contexto clínico seguro, no PII (NUMERO_FAX).",0,NUMERO_FAX
Término médico no sensible para NUMERO_IDENTIF.,0,NUMERO_IDENTIF
Notificar a [rcalvo@example.com].,1,CORREO_ELECTRONICO
"Contexto clínico seguro, no PII (ID_ASEGURAMIENTO).",0,ID_ASEGURAMIENTO
Vehículo [8586SFF].,1,IDENTIF_VEHICULOS_NRSERIE_PLACAS
Término médico no sensible para NUMERO_IDENTIF.,0,NUMERO_IDENTIF
[electricista] de 50 años.,1,PROFESION
Ingresa en planta [tercera].,0,TERRITORIO
Acceso web: [https://www.comercial.org].,1,DIREC_PROT_INTERNET
ID: [P72841].,1,NUMERO_IDENTIF
Tubo de [Mayo].,0,NOMBRE_PERSONAL_SANITARIO
"Contexto clínico seguro, no PII (URL_WEB).",0,URL_WEB
Término médico no sensible para URL_WEB.,0,URL_WEB
Término médico no sensible para IDENTIF_BIOMETRICOS.,0,IDENTIF_BIOMETRICOS
Ingresa en [UCI].,0,HOSPITAL
Término médico no sensible para IDENTIF_VEHICULOS_NRSERIE_PLACAS.,0,IDENTIF_VEHICULOS_NRSERIE_PLACAS
ID Asegurado: [PS-9273855].,1,NUMERO_BENEF_PLAN_SALUD
Término médico no sensible para NUMERO_IDENTIF.,0,NUMERO_IDENTIF
Página web: [www.olimpia.com].,1,URL_WEB
Centro de Salud [Puerta del Ángel].,1,CENTRO_SALUD
Afiliado a [ISCIII].,1,INSTITUCION
"[Rosalía Sebastián Cantero], Servicio de Medicina Interna.",1,NOMBRE_PERSONAL_SANITARIO
Profesión: [profesor].,1,PROFESION
"Contexto clínico seguro, no PII (NUMERO_IDENTIF).",0,NUMERO_IDENTIF
"Firma: [Ema Arjona-Yáñez], Nº Col. 31-71194.",1,NOMBRE_PERSONAL_SANITARIO
Centro [quirúrgico].,0,CENTRO_SALUD
[Conductor] del haz de His.,0,PROFESION
URL: [https://www.mineria.com].,1,DIREC_PROT_INTERNET
"Contexto clínico seguro, no PII (ID_EMPLEO_PERSONAL_SANITARIO).",0,ID_EMPLEO_PERSONAL_SANITARIO
Accidente con vehículo [4989NGT].,1,IDENTIF_VEHICULOS_NRSERIE_PLACAS
"Contexto clínico seguro, no PII (IDENTIF_VEHICULOS_NRSERIE_PLACAS).",0,IDENTIF_VEHICULOS_NRSERIE_PLACAS
"Contexto clínico seguro, no PII (NUMERO_IDENTIF).",0,NUMERO_IDENTIF
Enfermedad de [Parkinson].,0,NOMBRE_SUJETO_ASISTENCIA
Póliza: [77938514-C].,1,NUMERO_BENEF_PLAN_SALUD
Enlace: [https://www.banco.com].,1,DIREC_PROT_INTERNET
Sala de [reanimación].,0,HOSPITAL
Diabetes de [15] años de evolución.,0,EDAD_SUJETO_ASISTENCIA
Receptor [alfa] positivo.,0,SEXO_SUJETO_ASISTENCIA
Término médico no sensible para NUMERO_BENEF_PLAN_SALUD.,0,NUMERO_BENEF_PLAN_SALUD
ID Personal: [u849244].,1,ID_EMPLEO_PERSONAL_SANITARIO
Tensión arterial [120]/80.,0,EDAD_SUJETO_ASISTENCIA
Término médico no sensible para ID_TITULACION_PERSONAL_SANITARIO.,0,ID_TITULACION_PERSONAL_SANITARIO
Nº Colegiado: [26-20388].,1,ID_TITULACION_PERSONAL_SANITARIO
Código [925.11].,0,NUMERO_TELEFONO
[Laboratorio] central.,0,INSTITUCION
"Contexto clínico seguro, no PII (IDENTIF_BIOMETRICOS).",0,IDENTIF_BIOMETRICOS
"Contexto clínico seguro, no PII (IDENTIF_VEHICULOS_NRSERIE_PLACAS).",0,IDENTIF_VEHICULOS_NRSERIE_PLACAS
Término médico no sensible para ID_CONTACTO_ASISTENCIAL.,0,ID_CONTACTO_ASISTENCIAL
Diabetes de [15] años de evolución.,0,EDAD_SUJETO_ASISTENCIA
Fecha de ingreso: [11/08/1984].,1,FECHAS
Tratamiento con [Amoxicilina].,0,NOMBRE_SUJETO_ASISTENCIA
Nº Colegiado: [14-30185].,1,ID_TITULACION_PERSONAL_SANITARIO
Término médico no sensible para NUMERO_IDENTIF.,0,NUMERO_IDENTIF
Paciente [varón].,1,SEXO_SUJETO_ASISTENCIA
Referencia: [R587796].,1,OTRO_NUMERO_IDENTIF
Episodio: [7221491860].,1,ID_CONTACTO_ASISTENCIAL
Página web: [www.consultoria.com].,1,URL_WEB
Cariotipo [XY].,0,SEXO_SUJETO_ASISTENCIA
Remitido desde centro de salud de [Girona].,1,TERRITORIO
Tratamiento con [Amoxicilina].,0,NOMBRE_SUJETO_ASISTENCIA
Ingresa en planta [tercera].,0,TERRITORIO
Nº Seguridad Social: [45 1001558 64].,1,ID_ASEGURAMIENTO
ID Proceso: [PROC-28094].,1,ID_CONTACTO_ASISTENCIAL
"Reside en [Cañada de Fabián Castells 59 Piso 4 ], [46167].",1,CALLE
Variante [brasileña].,0,PAIS
Accidente con vehículo [5828HYK].,1,IDENTIF_VEHICULOS_NRSERIE_PLACAS
Identificación biométrica: [BIO-60099438].,1,IDENTIF_BIOMETRICOS
Vehículo [2906SZK].,1,IDENTIF_VEHICULOS_NRSERIE_PLACAS
Centro [HM Hospitales].,1,INSTITUCION
CIE [630.0].,0,NUMERO_TELEFONO
Término médico no sensible para OTRO_NUMERO_IDENTIF.,0,OTRO_NUMERO_IDENTIF
"Contexto clínico seguro, no PII (DIREC_PROT_INTERNET).",0,DIREC_PROT_INTERNET
"Contexto clínico seguro, no PII (OTRO_NUMERO_IDENTIF).",0,OTRO_NUMERO_IDENTIF
Administrar [pauta 3x1].,0,CALLE
Teléfono: [+34 945 63 99 28].,1,NUMERO_TELEFONO
Residente en [Marruecos].,1,PAIS
"Contexto clínico seguro, no PII (NUMERO_BENEF_PLAN_SALUD).",0,NUMERO_BENEF_PLAN_SALUD
Nº Colegiado: [17-13160].,1,ID_TITULACION_PERSONAL_SANITARIO
Se pauta [Adriana] 50mg.,0,NOMBRE_SUJETO_ASISTENCIA
Técnica [IV.2.3].,0,IDENTIF_DISPOSITIVOS_NRSERIE
"Contexto clínico seguro, no PII (ID_ASEGURAMIENTO).",0,ID_ASEGURAMIENTO
Protocolo [A.1.2].,0,IDENTIF_DISPOSITIVOS_NRSERIE
"Contexto clínico seguro, no PII (NUMERO_BENEF_PLAN_SALUD).",0,NUMERO_BENEF_PLAN_SALUD
Rasgo distintivo: [vitíligo].,1,OTROS_SUJETO_ASISTENCIA
Episodio: [4335092204].,1,ID_CONTACTO_ASISTENCIAL
"Contexto clínico seguro, no PII (NUMERO_IDENTIF).",0,NUMERO_IDENTIF
"Contexto clínico seguro, no PII (OTRO_NUMERO_IDENTIF).",0,OTRO_NUMERO_IDENTIF
[Hermano] fallecido.,0,FAMILIARES_SUJETO_ASISTENCIA
CIE [630.0].,0,NUMERO_TELEFONO
IP: [66.172.147.2].,1,IDENTIF_DISPOSITIVOS_NRSERIE
IP: [49.242.237.9].,1,IDENTIF_DISPOSITIVOS_NRSERIE
Complejo Hospitalario [Universitario La Paz].,1,HOSPITAL
CS [Alameda].,1,CENTRO_SALUD
[Portador] de marcapasos.,0,PROFESION
Web: [www.banca.com].,1,URL_WEB
Fractura de [húmero].,0,NOMBRE_SUJETO_ASISTENCIA
Test de [Romberg] negativo.,0,NOMBRE_SUJETO_ASISTENCIA
ID: [P18871].,1,NUMERO_IDENTIF
ID Asegurado: [PS-7547783].,1,NUMERO_BENEF_PLAN_SALUD
Box [12].,0,ID_SUJETO_ASISTENCIA
Nº Colegiado: [32-89011].,1,ID_TITULACION_PERSONAL_SANITARIO
MAC: [7d:f9:1f:d5:de:73].,1,IDENTIF_DISPOSITIVOS_NRSERIE
Técnica [IV.2.3].,0,IDENTIF_DISPOSITIVOS_NRSERIE
Referencia: [R982405].,1,OTRO_NUMERO_IDENTIF
Nº Contacto: [C851644].,1,ID_CONTACTO_ASISTENCIAL
Término médico no sensible para ID_ASEGURAMIENTO.,0,ID_ASEGURAMIENTO
Síndrome de [Sjögren].,0,NOMBRE_PERSONAL_SANITARIO
Tel. [+34 988 15 60 54].,1,NUMERO_TELEFONO
Clasificación de [Child-Pugh] A.,0,NOMBRE_SUJETO_ASISTENCIA
Término médico no sensible para NUMERO_FAX.,0,NUMERO_FAX
"Contexto clínico seguro, no PII (NUMERO_BENEF_PLAN_SALUD).",0,NUMERO_BENEF_PLAN_SALUD
Tiroiditis de [Hashimoto].,0,NOMBRE_PERSONAL_SANITARIO
Matrícula: [6361PND].,1,IDENTIF_VEHICULOS_NRSERIE_PLACAS
Tratamiento [fase 2].,0,CALLE
Natural de [Italia].,1,PAIS
Consultar en [www.barbero.com].,1,URL_WEB
Nº Colegiado: [36-80975].,1,ID_TITULACION_PERSONAL_SANITARIO
Paciente [Luciano Aznar Manzanares].,1,NOMBRE_SUJETO_ASISTENCIA
Niño/Niña [niño] de 8 años.,1,SEXO_SUJETO_ASISTENCIA
Área de [salud] mental.,0,CENTRO_SALUD
"Pº [Burgos], [Sevilla].",1,CALLE
ID: [REF-88836].,1,OTRO_NUMERO_IDENTIF
Proporción [1:1000].,0,CORREO_ELECTRONICO
Nº Empleado: [u707245].,1,ID_EMPLEO_PERSONAL_SANITARIO
[hombre] de 45 años.,1,SEXO_SUJETO_ASISTENCIA
Episodio: [4858979878].,1,ID_CONTACTO_ASISTENCIAL
"Trasladado desde [Ávila], provincia de [Vitoria-Gasteiz].",1,TERRITORIO
Diabetes de [15] años de evolución.,0,EDAD_SUJETO_ASISTENCIA
[administrativo] de 50 años.,1,PROFESION
Protocolo [A.1.2].,0,IDENTIF_DISPOSITIVOS_NRSERIE
Término médico no sensible para IDENTIF_BIOMETRICOS.,0,IDENTIF_BIOMETRICOS
Nº Seguridad Social: [58 6539032 94].,1,ID_ASEGURAMIENTO
"Contexto clínico seguro, no PII (ID_CONTACTO_ASISTENCIAL).",0,ID_CONTACTO_ASISTENCIAL
Término médico no sensible para NUMERO_IDENTIF.,0,NUMERO_IDENTIF
Cepa [británica].,0,PAIS
Episodio: [4230038174].,1,ID_CONTACTO_ASISTENCIAL
[Portador] de marcapasos.,0,PROFESION
ID Asegurado: [PS-6605605].,1,NUMERO_BENEF_PLAN_SALUD
CIE [630.0].,0,NUMERO_TELEFONO
Código [925.11].,0,NUMERO_TELEFONO
Número de identificación: [P19966].,1,NUMERO_IDENTIF
Término médico no sensible para URL_WEB.,0,URL_WEB
"Contexto clínico seguro, no PII (OTROS_SUJETO_ASISTENCIA).",0,OTROS_SUJETO_ASISTENCIA
ID Proceso: [PROC-30096].,1,ID_CONTACTO_ASISTENCIAL
Acceso web: [https://www.anastasia.es].,1,DIREC_PROT_INTERNET
Apoyo [familiar] presente.,0,FAMILIARES_SUJETO_ASISTENCIA
[conductor] de 50 años.,1,PROFESION
Trabaja en [CNIO].,1,INSTITUCION
Madre: [Anita de Seco].,1,FAMILIARES_SUJETO_ASISTENCIA
Registro facial ID: [FACE289548].,1,IDENTIF_BIOMETRICOS
[Padre] con HTA.,0,FAMILIARES_SUJETO_ASISTENCIA
Término médico no sensible para NUMERO_FAX.,0,NUMERO_FAX
"Contexto clínico seguro, no PII (URL_WEB).",0,URL_WEB
Complejo Hospitalario [Gregorio Marañón].,1,HOSPITAL
Anciano de [72] años.,1,EDAD_SUJETO_ASISTENCIA
Término médico no sensible para DIREC_PROT_INTERNET.,0,DIREC_PROT_INTERNET
Mutua [MUFACE].,1,INSTITUCION
"Contexto clínico seguro, no PII (NUMERO_FAX).",0,NUMERO_FAX
Término médico no sensible para ID_EMPLEO_PERSONAL_SANITARIO.,0,ID_EMPLEO_PERSONAL_SANITARIO
Accidente con vehículo [5687ZXN].,1,IDENTIF_VEHICULOS_NRSERIE_PLACAS
Término médico no sensible para DIREC_PROT_INTERNET.,0,DIREC_PROT_INTERNET
Niño/Niña [niño] de 8 años.,1,SEXO_SUJETO_ASISTENCIA
Proporción [1:1000].,0,CORREO_ELECTRONICO
Término médico no sensible para OTROS_SUJETO_ASISTENCIA.,0,OTROS_SUJETO_ASISTENCIA
Término médico no sensible para ID_EMPLEO_PERSONAL_SANITARIO.,0,ID_EMPLEO_PERSONAL_SANITARIO
Relación [riesgo/beneficio] favorable.,0,CORREO_ELECTRONICO
Apodo: [Pepe].,1,OTROS_SUJETO_ASISTENCIA
Consultar en [www.construccion.com].,1,URL_WEB
Término médico no sensible para DIREC_PROT_INTERNET.,0,DIREC_PROT_INTERNET
Nº Contacto: [C667193].,1,ID_CONTACTO_ASISTENCIAL
Tel. [+34879 124 977].,1,NUMERO_TELEFONO
Nº Beneficiario: [191-166-244].,1,NUMERO_BENEF_PLAN_SALUD
Enviar a fax [993 608 857].,1,NUMERO_FAX
[administrativo] de 50 años.,1,PROFESION
"Mujer, [83] años.",1,EDAD_SUJETO_ASISTENCIA
Pertenece al Centro de Salud [Cea Bermúdez].,1,CENTRO_SALUD
Médico colegiado [50-85009].,1,ID_TITULACION_PERSONAL_SANITARIO
[Quirófano] programado.,0,HOSPITAL
Término médico no sensible para IDENTIF_BIOMETRICOS.,0,IDENTIF_BIOMETRICOS
Patrón retinal [RET-43713557].,1,IDENTIF_BIOMETRICOS
Dispositivo [SN48711031].,1,IDENTIF_DISPOSITIVOS_NRSERIE
Conocido como 'Flaco'.,1,OTROS_SUJETO_ASISTENCIA
Niño/Niña [niño] de 8 años.,1,SEXO_SUJETO_ASISTENCIA
"Derivado por Dr. García, paciente [Elías Cerezo Andres].",1,NOMBRE_SUJETO_ASISTENCIA
Huella dactilar registrada: [FP490580868].,1,IDENTIF_BIOMETRICOS
Nacido el [03/09/2005].,1,FECHAS
URL: [https://www.supermercados.es].,1,DIREC_PROT_INTERNET
Cromosoma [X] normal.,0,SEXO_SUJETO_ASISTENCIA
Contacto: [varias@example.com].,1,CORREO_ELECTRONICO
Emigró desde [Reino Unido] hace 5 años.,1,PAIS
Médico colegiado [41-67232].,1,ID_TITULACION_PERSONAL_SANITARIO
Relación [riesgo/beneficio] favorable.,0,CORREO_ELECTRONICO
Unidad de [Cuidados Intensivos].,0,INSTITUCION
Página web: [www.comercializadora.com].,1,URL_WEB
ID Proceso: [PROC-10758].,1,ID_CONTACTO_ASISTENCIAL
Padre: [Santiago Cordero Rodriguez].,1,FAMILIARES_SUJETO_ASISTENCIA
Por [la mañana] presentó fiebre.,0,FECHAS
"Dirección postal: [Cañada de Marcia Nicolás 35, Málaga, 42499], [Las Palmas].",1,TERRITORIO
"Contexto clínico seguro, no PII (IDENTIF_BIOMETRICOS).",0,IDENTIF_BIOMETRICOS
Derivado a [Carlos Haya].,1,HOSPITAL
Email: [rosaliaespana@example.com].,1,CORREO_ELECTRONICO
Enfermedad de [Graves].,0,NOMBRE_PERSONAL_SANITARIO
Apodo: [Paco].,1,OTROS_SUJETO_ASISTENCIA
[mujer] sometida a intervención.,1,SEXO_SUJETO_ASISTENCIA
"Contexto clínico seguro, no PII (OTROS_SUJETO_ASISTENCIA).",0,OTROS_SUJETO_ASISTENCIA
Término médico no sensible para IDENTIF_BIOMETRICOS.,0,IDENTIF_BIOMETRICOS
Término médico no sensible para ID_EMPLEO_PERSONAL_SANITARIO.,0,ID_EMPLEO_PERSONAL_SANITARIO
Pasaporte: [D11555403].,1,ID_SUJETO_ASISTENCIA
[Conductor] del haz de His.,0,PROFESION
Residente en [Colombia].,1,PAIS
URL: [https://www.transportes.com].,1,DIREC_PROT_INTERNET
NASS: [39 6396230 57].,1,ID_ASEGURAMIENTO
Centro de Salud [Cea Bermúdez].,1,CENTRO_SALUD
T[3]N[1]M[0].,0,CALLE
"Contexto clínico seguro, no PII (NUMERO_BENEF_PLAN_SALUD).",0,NUMERO_BENEF_PLAN_SALUD
[mujer] sometida a intervención.,1,SEXO_SUJETO_ASISTENCIA
"Firma: [Arturo Vidal], Nº Col. 13-78298.",1,NOMBRE_PERSONAL_SANITARIO
Fax: [928 356 278].,1,NUMERO_FAX
Col. Nº [49-90258].,1,ID_TITULACION_PERSONAL_SANITARIO
[Portador] de marcapasos.,0,PROFESION
Referencia: [R790780].,1,OTRO_NUMERO_IDENTIF
Centro [HM Hospitales].,1,INSTITUCION
"Contexto clínico seguro, no PII (DIREC_PROT_INTERNET).",0,DIREC_PROT_INTERNET
"Contexto clínico seguro, no PII (DIREC_PROT_INTERNET).",0,DIREC_PROT_INTERNET
Término médico no sensible para URL_WEB.,0,URL_WEB
Enfermo [mujer] que acude.,1,SEXO_SUJETO_ASISTENCIA
Derivado a [consultas externas].,0,TERRITORIO
Conocido como 'Chato'.,1,OTROS_SUJETO_ASISTENCIA
Derivado a [urgencias].,0,HOSPITAL
"Contexto clínico seguro, no PII (NUMERO_IDENTIF).",0,NUMERO_IDENTIF
Lactante de [11] meses.,1,EDAD_SUJETO_ASISTENCIA
Accidente con vehículo [5826VZK].,1,IDENTIF_VEHICULOS_NRSERIE_PLACAS
Remitido desde [Clínica Universidad de Navarra].,1,INSTITUCION
Apodo: [Pepe].,1,OTROS_SUJETO_ASISTENCIA
"C/ [Torrecilla] [71], [4º A].",1,CALLE
Remitido desde centro de salud de [Valladolid].,1,TERRITORIO
Variante [brasileña].,0,PAIS
Teléfono: [+34926 31 75 55].,1,NUMERO_TELEFONO
Proporción [1:1000].,0,CORREO_ELECTRONICO
"[Galo Robledo-Teruel], Servicio de Medicina Interna.",1,NOMBRE_PERSONAL_SANITARIO
Usuario: [u336766].,1,ID_EMPLEO_PERSONAL_SANITARIO
Masa en región [cervical].,0,TERRITORIO
ID Proceso: [PROC-34060].,1,ID_CONTACTO_ASISTENCIAL
Término médico no sensible para OTRO_NUMERO_IDENTIF.,0,OTRO_NUMERO_IDENTIF
Centro [quirúrgico].,0,CENTRO_SALUD
Centro [HM Hospitales].,1,INSTITUCION
Número de identificación: [P94115].,1,NUMERO_IDENTIF
Ocupación: [administrativo].,1,PROFESION
Técnica [IV.2.3].,0,IDENTIF_DISPOSITIVOS_NRSERIE
Síndrome de [Sjögren].,0,NOMBRE_PERSONAL_SANITARIO
ID Asegurado: [PS-4098179].,1,NUMERO_BENEF_PLAN_SALUD
Ocupación: [enfermero].,1,PROFESION
Planta de [cardiología].,0,HOSPITAL
Página web: [www.desarrollo.es].,1,URL_WEB
"Contexto clínico seguro, no PII (ID_ASEGURAMIENTO).",0,ID_ASEGURAMIENTO
ID Personal: [u340826].,1,ID_EMPLEO_PERSONAL_SANITARIO
"Contexto clínico seguro, no PII (NUMERO_FAX).",0,NUMERO_FAX
"Dirección: [Glorieta Crescencia Serra], nº [174].",1,CALLE
Ingresa en planta [tercera].,0,TERRITORIO
Afiliación SS: [32 4667567 42].,1,ID_ASEGURAMIENTO
Administrar [pauta 3x1].,0,CALLE
Protocolo [A.1.2].,0,IDENTIF_DISPOSITIVOS_NRSERIE
Relación [riesgo/beneficio] favorable.,0,CORREO_ELECTRONICO
Derivado desde C.S. [Infanta Mercedes].,1,CENTRO_SALUD
Cama [305].,0,ID_SUJETO_ASISTENCIA
Conocido como 'Flaco'.,1,OTROS_SUJETO_ASISTENCIA
[D.] [Mascaró] presenta mejoría.,1,NOMBRE_SUJETO_ASISTENCIA
Término médico no sensible para ID_EMPLEO_PERSONAL_SANITARIO.,0,ID_EMPLEO_PERSONAL_SANITARIO
ID: [REF-76916].,1,OTRO_NUMERO_IDENTIF
"Mujer, [58] años.",1,EDAD_SUJETO_ASISTENCIA
Nº Historia: [5311168].,1,ID_SUJETO_ASISTENCIA
"Contexto clínico seguro, no PII (ID_ASEGURAMIENTO).",0,ID_ASEGURAMIENTO
D./Dña. [Aura Luján Anguita] acude a consulta.,1,NOMBRE_SUJETO_ASISTENCIA
Identificación biométrica: [BIO-55144993].,1,IDENTIF_BIOMETRICOS
Consultar en [www.jafet.es].,1,URL_WEB
ID: [REF-32120].,1,OTRO_NUMERO_IDENTIF
"Contexto clínico seguro, no PII (ID_EMPLEO_PERSONAL_SANITARIO).",0,ID_EMPLEO_PERSONAL_SANITARIO
ID: [REF-99810].,1,OTRO_NUMERO_IDENTIF
